id,domain,status,purchase_price,renewal_price,attractiveness,demand,length,registrar,created_at,expires_at,status_verified_at
79bd264e-273c-42cb-bcba-1cc5b6d89bd2,eliza.online,premium,156.25,,high,low,5,name.com,,,
445798f4-c661-42e8-976a-4485707606f4,ruse.online,premium,162.5,650,high,low,4,namecheap,,,20/09/2026 11:33
7dcb053d-187d-4616-8134-113c665f667b,britons.online,available,,,medium,low,7,,,,
b92429f5-adff-4498-82ae-afadd1ffd31e,selflimited.online,available,,,high,low,12,,,,
294150ca-3b1c-4fac-8839-f21c01f4df93,kiribatian.online,available,,,high,high,10,,,,
65d3bf90-4697-4fc4-9ca3-1f14c84efdbe,detectable.online,premium,78.12,312.5,high,low,10,name.com,,,14/08/2026 04:42
36a89d21-7c41-4741-9d4b-521d588783f7,surrendering.online,available,,,high,medium,12,,,,
a5fbcf28-56d9-44d5-9ea1-aec30df65c5f,agathis.online,available,2.99,38.5,high,low,7,namesilo,,,17/09/2026 16:31
5adb5c41-13b7-4ea6-8399-e1a059e9e726,sympathizers.online,available,,,high,low,12,,,,
17b7e453-2dae-492c-bf33-1b8d1f3f3c02,doom.online,premium,6900,6900,high,low,4,namesilo,,,24/09/2026 23:34
67d24ff3-6165-43aa-9847-a373507e29d2,lamisil.online,available,,,high,high,7,,,,
23310ef8-e318-4df5-bf4f-d0840f3a05ed,ofcom.online,available,,,high,high,5,,,,
06da5bb2-35bf-4b4b-a4f3-40067a0760d4,nuala.online,available,,,high,high,5,,,,
5879fdd6-96f8-4bcb-868c-c4a7823a3ca3,shake.online,premium,6900,6900,high,low,5,namesilo,,,25/09/2026 06:52
cad1fedd-41d1-4339-9a8b-45a2a4cfb25e,canty.online,premium,78.12,312.5,medium,low,5,name.com,,,11/08/2026 17:46
16a90589-f849-44e8-9f4d-c61779dce05f,paranormalism.online,available,,,medium,low,13,,,,
f73a9ec1-7b82-4aec-8e6e-93ff9b7983f2,dormer.online,available,,,high,high,6,,,,
5118e557-f410-42c6-9b90-2dc54f7c1929,pak.online,premium,1000.2,,high,low,3,unstoppable,,,28/09/2026 03:33
fa4d4d7d-6721-4376-be40-8a1dd019214f,exclusiveness.online,available,,,high,low,13,,,,
2e6d81f7-eaa2-4da9-bd55-ba52dff26d66,sloshing.online,available,,,high,high,8,,,,
b2401a70-4db9-4076-bf8d-b598a62b06d0,bacterium.online,premium,640,640,high,low,9,namesilo,,,21/09/2026 16:30
c9809fb4-1296-4c1e-9072-dcad277988dc,specialised.online,available,,,high,high,11,,,,
396d9689-959e-448a-ae16-0f496b875720,salvific.online,available,0.98,34.98,high,medium,8,namecheap,,,09/09/2026 21:03
bb874354-c268-43ad-ac94-e1331bf397ab,panelling.online,available,,,high,high,9,,,,
7feaa626-1099-4f5e-af01-5883ecd7294b,transporters.online,available,,,high,medium,12,,,,
f122753b-6972-493a-869c-a0cb8edc7ad6,typic.online,available,0.98,34.98,high,low,5,namecheap,,,11/09/2026 22:29
a70463e6-9205-4e32-8bdd-b4eebf1f48a8,generously.online,available,,,high,low,10,,,,
2135c60e-d24a-4293-8007-391620229f51,restrengthens.online,available,,,low,low,13,,,,
6288f903-c3ce-4582-9262-3257c17d144a,ascensive.online,available,,,medium,low,9,,,,
3a92a8e5-f58d-4d5b-9734-2dc1e86338ba,anglicize.online,available,,,high,high,9,,,,
4e4e5c2c-8d11-45d9-8025-1284d56bcf4f,bearskin.online,premium,162.5,650,high,low,8,namecheap,,,22/09/2026 21:25
08e4d4c9-c7e3-441e-bdbe-ae14e1803560,accretions.online,available,,,medium,low,10,,,,
24e3688d-89ce-43b4-82de-2fc0a6c51321,paradisaical.online,available,,,high,high,12,,,,
009d231d-0852-4cc2-a9c0-5f97ae3a5ffc,stratified.online,available,2.99,38.5,high,low,10,namesilo,,,25/09/2026 14:24
736ec2a6-d4e7-41d7-a4a2-532c4923c492,autoreturn.online,available,,,high,low,11,,,,
297712d6-45a1-4645-8504-93b7f0ec2afa,accouraging.online,available,,,medium,low,11,,,,
909f24b9-af98-45ea-a0be-67f17a3a8176,currantlike.online,available,,,high,high,11,,,,
f6e261fa-43c8-4378-acfe-dbe31d22f4f2,stole.online,premium,162.5,650,high,low,5,namecheap,,,27/09/2026 05:29
497f1b2c-e60b-449b-ad2b-e7f025f0dd83,aesthetics.online,premium,3450,3450,high,low,10,namesilo,,,17/09/2026 13:37
d026cadf-caa7-4891-ae3f-15f3d51b8bef,northwest.online,premium,647.08,2587.7,medium,low,9,spaceship,,,28/09/2026 17:00
0f56f7d8-bd93-46cf-bc33-c1b88cb00fa0,config.online,resell,,,high,high,6,Xin Net Technology Corporation,09/07/2019 00:58,09/07/2027 23:59,26/09/2026 05:11
8a2404dd-d310-4ebb-a7b8-fd6941f3c637,transmissible.online,available,,,high,medium,13,,,,
787042c9-9036-491b-b1a6-1623571c6b00,dollie.online,available,,,high,high,6,,,,
6fee0594-dfc5-4798-8698-b6b117b174e8,bsb.online,available,,,high,high,3,,,,
d9b08fd2-ba09-478d-a9f3-ce585b61171e,shorthand.online,premium,81.25,325,high,medium,9,namecheap,,,10/09/2026 06:49
e5a23198-fde7-4ac3-9345-a4df8d4bc7a7,recyclebot.online,available,,,high,high,10,,,,
d715fec0-810b-4108-a8c3-a25c0545f99a,woodblocks.online,available,,,medium,low,10,,,,
0c3650ef-b209-4a5a-92b6-d97de4c9210b,rocky.online,premium,3450,3450,high,low,5,namesilo,,,23/09/2026 01:13
d9ff441c-dbcf-437f-8730-ff530d6111bb,sien.online,available,,,high,high,4,,,,
b57da76e-5cae-4a4a-9f8c-347acd832e14,chefless.online,available,,,high,low,8,,,,
110f580c-4d52-4887-9a42-8a389ff21e22,sprintable.online,available,,,high,low,10,,,,
88fe1b75-13ca-41da-bc7a-3f6c6efb0b79,perceptually.online,available,,,high,high,12,,,,
e624b2f8-a91e-41d2-88cf-fdf3d0b08712,vacuous.online,available,0.98,34.98,medium,low,7,namecheap,,,07/08/2026 02:52
517e93f2-fb87-46ef-85dd-0d7e819ed581,acromegaly.online,available,0.98,34.98,medium,low,10,namecheap,,,17/09/2026 03:48
a7047da3-dcd8-4aa5-9936-b078e5139401,ensile.online,available,,,high,medium,6,,,,
f218ae00-8a1e-43c2-a8b8-c32d2ad40acd,calorie.online,resell,,,high,low,7,"GoDaddy.com, LLC",16/03/2026 00:07,16/03/2027 23:59,26/09/2026 04:43
5b3223e5-0c31-4a47-81a0-044bee11be7c,gearing.online,available,,,high,high,7,,,,
4c5c4857-ebb2-4eda-8cad-d3175bcb0584,potbellied.online,available,0.98,34.98,high,low,10,namecheap,,,
1f2df442-8d74-4394-8391-dd2498fb3413,bustling.online,premium,156.25,625,high,low,8,name.com,,,11/08/2026 11:21
ca9727f3-7440-4877-ad05-b71f023f873b,gmt.online,premium,,,medium,low,3,,,,28/09/2026 14:18
fa0dd531-1073-492e-bc95-4d43f58d7b60,parous.online,available,0.98,34.98,medium,low,6,namecheap,,,08/09/2026 01:52
fea99c30-ade7-4381-a052-9a923e223b1c,mancunian.online,premium,156.25,625,high,low,9,name.com,,,24/08/2026 14:36
0add167e-e4a7-4c51-8481-06cba175f55e,epiphytic.online,available,0.98,34.98,high,medium,9,namecheap,,,17/08/2026 11:07
e3eb4f94-3623-4a4b-9943-fc50cfccb1bf,prehistorically.online,available,,,high,high,15,,,,
7e6f9d89-a552-4343-887e-0252e7eaa1b0,citified.online,premium,78.12,312.5,medium,low,8,name.com,,,12/08/2026 08:47
c3d96602-4902-49eb-b8ba-757a7a4217e5,malaria.online,resell,,,high,low,7,"GoDaddy.com, LLC",17/02/2026 02:21,17/02/2027 23:59,30/09/2026 03:44
ddafdf86-c7a2-44ca-aad5-9f5cddef8afb,overfilled.online,available,,,medium,low,10,,,,
a62f51da-ad5e-4888-85b1-57117faef589,saloons.online,available,2.99,38.5,medium,low,7,namesilo,,,19/09/2026 22:32
9eb99ecf-a775-4004-b643-6286d2c878a0,tiaralike.online,available,,,high,high,9,,,,
80ca51de-f127-4d8f-aef2-4426c8387766,bagasse.online,available,0.98,34.98,high,low,7,namecheap,,,21/09/2026 17:47
816318ff-4e60-4002-837f-119d637ceacb,puppie.online,available,,,high,medium,6,,,,
143fe191-96cf-4177-99ff-e9a93a56f9f7,baling.online,available,,,high,high,6,,,,
17d830b4-749a-4270-b8d7-5ca7ca981344,shawl.online,available,,,high,high,5,,,,
f1a51839-40a3-4ffb-8f3a-bd9ef874228e,lipa.online,available,,,high,high,4,,,,
98ace90a-451a-417e-874d-635bce7f510e,whirligig.online,available,,,high,high,9,,,,
bb1ccfe6-2f1a-4048-80a9-6a371dbff74d,straddle.online,available,,,high,high,8,,,,
a86422a1-6d80-499e-aa31-ef1210dfc7cc,snipe.online,available,,,high,high,5,,,,
a0f926dc-4fe4-4477-a6ac-98bc2c26d75b,proximate.online,premium,81.25,325,high,low,9,namecheap,,,09/09/2026 04:46
695aa94e-eeeb-42f3-a700-55a54ad4ca4f,distance.online,premium,273.44,1092.18,high,low,8,porkbun,,,28/09/2026 20:43
1dfb982e-6664-42d9-aeb9-ce046f602398,reaganite.online,available,,,high,high,9,,,,
708e3b06-391a-4e79-b5f7-3eae7a12a7fa,adiabatic.online,available,0.98,34.98,high,low,9,namecheap,,,
48b40018-0221-4525-9310-e71f0b8e4ce6,petals.online,resell,,,high,low,6,,,,29/09/2026 17:41
8b64dbff-ec4b-4b4f-9b2b-8cbc53b285fb,conditional.online,premium,162.5,650,high,low,11,namecheap,,,30/09/2026 11:31
e14d8d50-2643-4de4-91f3-f11acbec363d,preexisting.online,available,,,high,low,12,,,,
9c1acf7a-19ca-4f5b-9e3e-c53f36989222,barefaced.online,premium,156.25,625,medium,low,9,name.com,,,08/08/2026 09:20
a37dc9fc-1888-4656-b56d-6cc4f34ad678,jinxing.online,available,,,medium,low,7,,,,
d0e48baa-5ae0-47e7-85b4-8be96cffb92c,brightener.online,available,,,high,high,10,,,,
e4558b07-0235-4dac-a0d4-c75454b54f8f,academics.online,premium,6900,6900,high,low,9,namesilo,,,01/10/2026 03:36
e3adfd42-002e-420b-9d37-ec89ef64173a,germline.online,available,,,high,high,8,,,,
5059b26c-6864-4cb9-a901-bb9221247222,obnubilate.online,available,0.98,34.98,medium,low,10,namecheap,,,03/09/2026 23:55
d5e001d2-3e19-415c-bf97-5029c82c0679,herbivorousness.online,available,,,medium,low,15,,,,
639b1b32-208e-46b7-b6f3-1ec8835e12a3,tris.online,premium,137.5,550,high,low,4,dynadot,,,30/09/2026 12:39
1a6d98d9-60a4-4c11-9f9f-a6d1c3b30f65,wilt.online,premium,162.5,650,high,low,4,namecheap,,,30/09/2026 19:06
4c3d4a7b-a8e1-4dac-b3d0-247292f6f416,sabbath.online,premium,640,640,high,low,7,namesilo,,,29/09/2026 13:53
6f5146eb-449c-4937-81fe-19eb04e0c39d,kegel.online,available,,,high,high,5,,,,
03364f8a-8f3e-4f93-9b40-3584496b94e6,sheepdom.online,available,,,high,high,8,,,,
35ccea52-7e9e-4dff-9a66-433e44273583,colourimetre.online,available,,,high,high,12,,,,
27f0f8d9-df55-44d2-ab9b-24be9f429b75,unaccompanied.online,available,,,high,high,13,,,,
7b4465bc-f201-408a-9bde-da9c86e64407,overact.online,available,,,high,high,7,,,,
b4f0071a-5e90-40dd-9ba1-df5748e9cb31,trapping.online,premium,,,high,low,8,,,,30/09/2026 08:56
bcdc81af-e523-4357-93ce-369a009f8dab,airbraked.online,available,,,medium,low,10,,,,
a576cf05-86eb-4bb7-a6d7-8b8c6f406178,recompute.online,available,,,high,high,9,,,,
c64e4c5d-3012-4039-9d93-914d3226bbb4,accentuated.online,available,,,high,high,11,,,,
89ad339e-0940-45d6-adbe-560c6521d170,arpeggiando.online,available,,,high,high,11,,,,
b8101faa-631f-4adc-bc0c-65bb5c4963a6,cephalopod.online,available,0.98,34.98,high,low,10,namecheap,,,12/08/2026 00:21
b558c747-db20-4699-b029-561840c7c4f9,smouch.online,available,,,high,high,6,,,,
2b3d6b7e-bc04-492b-bfb5-aa1e1ca6e176,teeny.online,premium,156.25,625,high,low,5,name.com,,,10/08/2026 08:12
4686350d-b786-4262-8f2d-13f06ecaec9f,geez.online,available,,,high,high,4,,,,
6fa94afc-2b7a-478b-8972-d0ed27cf416d,orad.online,available,0.98,34.98,medium,low,4,namecheap,,,15/09/2026 18:09
1b70fef2-c3c3-44c4-be3d-98e3083efbcf,maldon.online,available,2.99,38.5,medium,low,6,namesilo,,,22/09/2026 15:25
de1fc7b0-010e-4b7d-8ceb-189e2076b148,crusted.online,premium,78.12,312.5,medium,low,7,name.com,,,13/08/2026 09:22
e6163db0-f603-462e-a485-156824bbe08b,performable.online,available,,,high,high,11,,,,
c7884be9-b02e-4889-b60a-3a183fea8562,storyboard.online,available,,,high,high,10,,,,
47121f69-ef9f-44cf-93cd-2c8abb47ac66,sedulous.online,available,0.98,34.98,medium,low,8,namecheap,,,07/08/2026 06:14
64af1862-51ef-45ad-a761-60e40826919f,flo.online,available,,,high,high,3,,,,
de783a19-5190-48a7-81f8-5b788a5d849a,weaverbird.online,available,,,high,high,10,,,,
e11237e4-bd9c-4e49-bc8c-679d6cf82833,detoxify.online,premium,64.89,258.95,high,low,8,spaceship,,,29/09/2026 14:25
b78b5198-47dd-4126-ae7a-96105893556b,noncom.online,available,,,high,high,6,,,,
831dfe91-8ce2-47d0-b9f1-0b38a879a1ab,loll.online,available,,,high,high,4,,,,
714b50e4-2914-4583-b273-8b15b0f53aa8,cracklings.online,available,,,high,high,10,,,,
7f6c1c54-71be-44cd-9759-8910dce08ff5,fibbing.online,available,,,high,high,7,,,,
89e4e17d-e679-4f48-a818-202d6e4d05fe,pinky.online,premium,,,high,low,5,,,,30/09/2026 10:27
a375a0ac-2fe8-4a6b-9b32-0926e33bb86f,ava.online,premium,1562.5,,high,medium,3,name.com,,,
6412c08c-3701-46c3-b2b5-96c2dddb4ac8,perkins.online,premium,1107,1107,high,high,7,namesilo,,,25/09/2026 17:38
e99b6085-6f6c-46db-9bb1-a9848c99e1fb,cozy.online,premium,1107,1107,high,low,4,namesilo,,,24/09/2026 00:21
13fefa68-4bdd-4d1d-8752-6ab51bea2c0b,stablekeeper.online,available,,,high,high,12,,,,
f91cb2a9-ce97-4e05-b2db-b5245ba06115,whitney.online,premium,640,640,medium,low,7,namesilo,,,28/09/2026 13:59
739a85d2-cb11-4228-9052-6f980a48df84,bull.online,premium,3450,3450,high,low,4,namesilo,,,29/09/2026 04:47
ec2a1354-ea43-44b4-80e9-5172dfc3afa4,bookstore.online,premium,6900,6900,high,low,9,namesilo,,,24/09/2026 07:17
3e5cd280-3320-4a2b-876f-9789b6861edf,aristocratic.online,premium,129.58,517.7,high,low,12,spaceship,,,29/09/2026 20:55
219d23cc-83de-4078-b41e-52098e157699,audit.online,resell,,,high,low,5,"Spaceship, Inc.",12/07/2026 21:41,12/07/2027 21:41,26/09/2026 04:08
6da6125c-9513-44a8-b87c-76e407d5d3da,busmen.online,available,,,medium,low,6,,,,
dbddf955-a81e-47e0-be8a-d7866d5e877f,kirkintilloch.online,available,,,high,high,13,,,,
15ff3e86-6d37-42a4-883b-4ca3ec12b204,quadrillion.online,available,2.99,38.5,high,high,11,namesilo,,,25/09/2026 13:16
881a986e-9b45-4181-bd87-90a3530ad852,eyed.online,premium,156.25,625,high,low,4,name.com,,,17/08/2026 20:00
1fc84275-cf34-487a-a7e0-5430fc5640b9,unac.online,available,,,high,high,4,,,,
72deaeb9-881b-4d58-a158-6fd0cbbea1be,breakups.online,available,,,high,low,8,,,,
cc980740-96dd-4b84-9f9a-d3105a6e7edc,videotaped.online,available,,,high,high,10,,,,
868ecdab-9599-4b8d-b4ec-af9f79f42308,foreigners.online,premium,273.44,1092.18,low,low,10,porkbun,,,28/09/2026 23:22
f45162cc-0a11-4012-8349-c5d7aa67883e,regimented.online,available,0.98,34.98,high,medium,10,namecheap,,,09/09/2026 12:55
7a90c183-03d6-4319-a275-fa2a5b06bb22,carroll.online,premium,647.08,2587.7,high,low,7,spaceship,,,29/09/2026 18:13
89e4344a-572d-4b1d-bed9-757bf3456d75,trout.online,premium,258.95,1035.2,high,low,5,spaceship,,,28/09/2026 06:50
8b37ec6a-d1c8-49df-9102-275adee1ca29,over.online,premium,1107,1107,high,low,4,namesilo,,,22/09/2026 00:56
47fbdd5c-168e-41b5-bc99-2f3217e632ce,gnostic.online,available,0.98,34.98,high,low,7,namecheap,,,20/08/2026 15:47
993617af-dc7b-4498-b093-13b155481ced,microwaving.online,available,,,medium,low,11,,,,
65524065-deee-42dd-a97b-5251bac4060c,indefatigably.online,available,,,high,high,13,,,,
2042a28f-5f31-48ac-8a57-476fdd846ec2,germicide.online,available,0.98,34.98,high,low,9,namecheap,,,
c8ae3832-a525-4ac5-85fa-286c1461b729,ethel.online,premium,302.5,302.5,high,low,5,namesilo,,,28/09/2026 07:21
f64e91d5-0ca4-4cc4-800e-d308bd867b17,jet.online,available,,,high,medium,3,,,,
3aab57f3-b0dd-4b9e-bc7f-dc02a99bd17d,zinnias.online,available,,,high,low,7,,,,
c4e6c6c6-2493-4349-9881-5582e162fb2f,quarters.online,premium,1293.95,5175.2,high,low,8,spaceship,,,30/09/2026 03:03
308b664e-ff4c-4cf4-9897-2e4a5439543e,cheesefest.online,available,,,high,high,10,,,,
6a5adac8-8a4c-4323-9bf1-8d35c3d29f77,nostell.online,available,,,high,high,7,,,,
c8d91067-4f7f-4a2a-a2c7-ab3927d20a10,alien.online,available,,,high,medium,5,,,,
0cfbf679-bcfd-4d96-b627-75d92d2309c0,abies.online,premium,1107,1107,high,low,5,namesilo,,,16/09/2026 15:38
751f8916-9f36-4c04-bd3f-a6efa84b485e,steadiness.online,available,,,high,high,10,,,,
a33b30aa-0203-4857-b6f8-03fbd0666991,pepys.online,available,1.18,15.28,high,low,5,spaceship,,,30/09/2026 18:18
10b256a3-aac0-4c10-9670-903fab720721,complexions.online,available,,,medium,low,11,,,,
fee6db95-b297-46e7-8c59-80b843c2998e,lallans.online,available,,,high,high,7,,,,
38503ee3-0806-4e01-805c-8e3e6eef7be0,antibiotics.online,premium,,,low,low,11,,,,28/09/2026 13:28
d1b34977-8a2f-402d-ade3-9e59232c6f56,california.online,premium,2587.7,10350.2,high,medium,10,spaceship,,,29/09/2026 05:55
31f66fab-f7cc-49df-9fa2-3c6477450ee4,mckeesport.online,available,,,high,high,10,,,,
ee7284cb-c8b8-4716-a049-4a1735f5bcd0,kindhearted.online,available,,,high,high,11,,,,
40aa0377-e1da-485c-a7c4-7966e4c61fd8,roundtables.online,available,,,high,low,11,,,,
0b1d2691-ad46-4536-80e6-90a269d73a54,anjou.online,available,2.99,38.5,high,low,5,namesilo,,,19/09/2026 09:39
f2c22bb6-79f4-47db-8ee8-bd6e53d0e82b,canorous.online,available,0.98,34.98,medium,low,8,namecheap,,,11/08/2026 17:35
d51beb84-baa5-47a3-9293-5185db45cd64,hypnotic.online,available,,,high,low,8,,,,
c55a33aa-d8cb-4528-88bd-b1b583fc55c6,sunburst.online,resell,,,high,low,8,,,,30/09/2026 12:20
2e09f2a7-b099-4972-9c8f-b28e6cf67136,romans.online,premium,325,1300,medium,low,6,namecheap,,,28/09/2026 19:05
faad3446-01ae-497e-939a-50c0e23593b3,resize.online,premium,,,high,high,6,,,,30/09/2026 02:15
348977ef-3c80-4529-8351-24c5c9f0b99f,stewardesses.online,available,,,medium,low,12,,,,
133aaba2-412b-4eae-b970-e61a2788fb9c,waveforms.online,available,4.99,27.7,medium,low,9,cloudflare,,,01/10/2026 00:59
17da8f5c-4322-42db-bfc5-4be4d3921a70,pregaming.online,available,,,high,low,10,,,,
0467209f-7cca-4ee0-ac91-827dfe9dce82,bordelaise.online,available,,,high,high,10,,,,
84dc8ba9-5c76-4b63-9fbe-892eac438f57,signatories.online,available,,,high,high,11,,,,
c7d776e2-9d29-4d2c-b068-35800c505317,pillowing.online,available,,,high,low,9,,,,
4538c66b-82a7-4b86-9606-1ec18822a197,plaster.online,premium,3450,3450,high,low,7,namesilo,,,17/09/2026 08:00
03459434-f6b9-43ac-a418-4d743c51775f,gadolinite.online,available,,,high,high,10,,,,
58f517fc-b5c2-45c1-adc3-f61a63486df7,buffet.online,premium,3450,3450,high,low,6,namesilo,,,19/09/2026 17:05
28e4f734-8cf8-4214-b020-d2906edd9075,signally.online,available,,,medium,low,8,,,,
070ce3d8-7416-435e-8243-a4f814e488cd,stadiums.online,premium,156.25,625,high,low,8,name.com,,,
01a2afa3-985f-4b8e-8704-6a1413b27ab3,outvote.online,available,,,high,high,7,,,,
096af40f-a8b2-4a30-9eed-50aa732f4250,coneflowers.online,available,,,medium,low,11,,,,
4cf172aa-49e4-49e3-9f18-8a911a33f08f,cruciform.online,available,0.98,34.98,high,low,9,namecheap,,,13/08/2026 08:42
6e6c8428-8260-4a6b-a536-449031c6b298,clubs.online,premium,13800,13800,high,low,5,namesilo,,,27/09/2026 08:43
59f920da-add0-40ee-9986-8c3839c2620e,recollections.online,available,,,high,medium,13,,,,
c34e1e33-eed8-4932-8421-30c616f95129,peeping.online,available,,,high,high,7,,,,
f00b51f9-488c-4f07-8f9b-7de5d9337f77,infusing.online,available,,,high,high,8,,,,
851ef8dd-2cbb-4244-b566-d41b8a1c8604,plaguy.online,available,0.98,34.98,medium,low,6,namecheap,,,
900ee622-c09b-4e6a-adcb-ac319780fbb9,octoberfest.online,available,,,high,high,11,,,,
2528b0e2-73f5-4a15-81d8-a8c0c3e6ef81,donees.online,available,,,medium,low,6,,,,
9403d0eb-7178-4358-b2f1-bde3a720a189,artemisinin.online,available,,,high,low,11,,,,
333868cd-4920-4bba-9454-b7668c3c777b,lula.online,premium,,,high,low,4,,,,30/09/2026 04:54
c2ae2501-9b09-49b0-8d70-07869d737124,gowhole.online,available,,,high,high,7,,,,
3b1c6b78-8c91-475c-b153-6971a298e3e8,advocated.online,available,,,high,high,9,,,,
dcc5bf7f-61ea-47e7-8a86-5f616763a881,cutaneal.online,available,2.99,49.99,medium,low,8,name.com,,,13/08/2026 12:57
f349b577-c2dc-4653-b2bc-e25669a3c873,joan.online,premium,1107,1107,high,low,4,namesilo,,,25/09/2026 11:39
e6f5b74d-a42d-489b-86e9-f7872aca945b,gary.online,premium,3450,3450,high,low,4,namesilo,,,25/09/2026 06:21
338d08a6-f96d-4d1a-873a-d464626b3904,cripple.online,premium,78.12,312.5,high,low,7,name.com,,,22/08/2026 18:58
14185617-7106-455e-9806-1284943e1f1d,substitutes.online,available,,,high,high,11,,,,
3f163a44-a3b3-4b2d-a41a-8560089bc4b9,evince.online,available,2.99,38.5,high,low,6,namesilo,,,25/09/2026 09:49
4f3f587b-a9ad-4f17-9140-0af2c586b3d1,ornery.online,premium,156.25,625,medium,low,6,name.com,,,13/08/2026 08:28
f00efc4e-6b49-4794-9ac1-7aa32e47499f,ganapati.online,available,,,high,high,8,,,,
9f8293fd-6ded-4155-a53a-5b59a2b2454f,rutty.online,premium,81.25,325,medium,low,5,namecheap,,,09/09/2026 20:24
55af22e7-e053-4195-8783-b4dc4fef987e,countersign.online,available,,,high,medium,11,,,,
2c8c6652-10db-4165-bcdd-90c2635d29f0,foucault.online,premium,250.2,,medium,low,8,unstoppable,,,28/09/2026 19:15
c95ffdf7-f2f5-43b6-b818-a6df89b94a57,dam.online,premium,3450,3450,high,low,3,namesilo,,,29/09/2026 00:35
2c6e798a-0e8a-4fec-8d03-16b758bc8eb0,mins.online,available,,,high,medium,4,,,,
6208d2d4-0c2a-4b4d-9638-a599e647717d,haemitin.online,available,,,high,high,8,,,,
345d066d-e29b-4c36-baf4-79a818ce1928,nightclubber.online,available,,,high,high,12,,,,
d3e3269f-9cbb-421e-8919-54a472bc3549,ratified.online,available,0.98,34.98,high,medium,8,namecheap,,,09/09/2026 10:33
1a507ac1-9226-4f13-8786-e972d7d4772d,fashioners.online,available,,,high,low,10,,,,
33a68ba3-1269-42c5-887d-6c8169cd3b72,definition.online,premium,1293.95,5175.2,high,low,10,spaceship,,,29/09/2026 13:35
10967a8b-786d-40f1-a3a7-e6b69f1d4dc5,programmers.online,available,,,high,medium,11,,,,
34040084-6a76-4c1d-b1c4-96a9f1074cd2,pesticide.online,available,,,high,high,9,,,,
606edd7d-6b80-4e19-88fd-e0caf290890e,wewoka.online,available,,,high,high,6,,,,
bb578ee1-24ce-4d99-bd65-96380a548d93,sideburns.online,available,2.99,,high,low,9,name.com,,,
be938c6a-87fa-49be-8c16-070e024c9c96,poppa.online,available,,,high,high,5,,,,
4b54c647-a88c-4976-9f82-4407a88fc36c,rearing.online,premium,162.5,650,high,low,7,namecheap,,,09/09/2026 11:04
a6545f03-dd18-4b99-93c4-b0aef5eb0868,queenish.online,available,,,high,high,8,,,,
67f835aa-7cac-4f83-ac68-bc30c101cc96,archangel.online,premium,325,1300,high,low,9,namecheap,,,19/09/2026 05:59
1e14eeba-2943-43b8-a72b-7dff8040c0ac,sprinkled.online,available,2.99,38.5,medium,low,9,namesilo,,,01/10/2026 00:34
b26f21c2-b603-42d7-a859-6597eb12dafe,detectors.online,resell,,,medium,low,9,,,,30/09/2026 07:31
c46e1a33-0ea9-44df-ba32-89b5a0392d49,solved.online,premium,812.5,3250,high,low,6,namecheap,,,10/09/2026 13:46
8465b96a-973a-456a-9c38-61bf33f1de25,floodlight.online,available,,,high,high,10,,,,
9a007fd7-382b-4389-bce3-53a8030f3c64,riaa.online,available,2.99,38.5,high,low,4,namesilo,,,30/09/2026 13:03
8590dedb-1be8-4fd6-bea6-92f36a5a024c,commercialise.online,available,,,high,high,13,,,,
4c7d6442-5c48-4436-a1e0-68230bbf6f13,intend.online,resell,1092.5,46.99,high,low,6,"GoDaddy.com, LLC",19/07/2026 16:23,19/07/2027 16:23,26/09/2026 06:55
8a4d1c59-5970-48b0-9bf4-4be47bf50349,devalued.online,available,0.98,34.98,medium,low,8,namecheap,,,14/08/2026 05:02
6b6e6ebe-76c6-4ec6-ba21-3c54ed1b444b,apoplectic.online,available,0.98,34.98,high,low,10,namecheap,,,06/08/2026 03:29
a8758ec2-54f9-44e8-aaf8-8c15a871782a,moreland.online,premium,302.5,302.5,high,low,8,namesilo,,,30/09/2026 12:36
622925e1-5d95-4f62-80cd-8959e7aa16f7,exocentric.online,available,0.98,34.98,medium,low,10,namecheap,,,17/08/2026 17:21
e7b6edd8-5e77-4637-9d9b-f0527f4cd539,gaby.online,premium,,,high,high,4,,,,28/09/2026 02:19
b15a86e9-abb0-4682-b8c7-26b6de54851f,performs.online,available,2.99,,high,low,8,name.com,,,
4dd0c0c3-4b18-44d3-bd40-dca909b84398,peashooter.online,available,,,high,high,10,,,,
971000e8-b46c-4924-9282-66ca00ecbb7f,hungry.online,premium,640,640,high,low,6,namesilo,,,25/09/2026 06:41
32c952e5-d2ee-4868-985d-3831adc1cd2a,deferentially.online,available,,,high,high,13,,,,
db0262cc-fe28-4700-bd18-a8b50826c961,unabashed.online,premium,162.5,650,high,low,9,namecheap,,,11/09/2026 23:19
fdacaa7e-5a07-4ced-9086-d798d27a1be6,retouched.online,available,2.99,38.5,high,low,9,namesilo,,,25/09/2026 13:32
f6791621-af54-40d7-b71b-87a6d75eac8b,segmentation.online,available,,,high,low,12,,,,
d8e540a0-5f53-4f53-82b0-ef4d0de905b3,jangling.online,available,0.98,34.98,high,low,8,namecheap,,,22/08/2026 12:19
5b11bf57-4251-47ff-b4e6-8e03483ca09d,deific.online,available,0.98,34.98,medium,low,6,namecheap,,,14/08/2026 00:13
0c93b091-2a9b-495e-af40-3472900153b0,strange.online,premium,275,1100,high,low,7,dynadot,,,28/09/2026 01:26
6c17d957-3cac-4152-af9a-534021268b43,vibrated.online,available,,,medium,low,8,,,,
c1344ed2-f862-414a-9464-50339aa6af81,redo.online,premium,129.58,517.7,high,low,4,spaceship,,,30/09/2026 09:45
b02bde31-806f-4403-b9fb-f803e83b4e00,prof.online,premium,1107,1107,high,low,4,namesilo,,,28/09/2026 20:15
1b5535f4-fd81-4307-b2d6-807e18dbc234,cheeses.online,available,,,high,low,7,,,,
172954d9-6ea0-41b8-9c7f-3cf0456d73ce,counsel.online,premium,3450,3450,high,low,7,namesilo,,,28/09/2026 01:44
d1318ea2-19ab-4dc7-8ee6-8721a8a1be59,clots.online,available,,,medium,low,5,,,,
859d3960-a19e-4bcd-b441-b435ff6fb8e8,arteria.online,resell,,,high,low,7,"GoDaddy.com, LLC",21/12/2025 15:37,21/12/2026 23:59,26/09/2026 04:02
76419210-4427-4932-9d8c-1d07e7a4c35d,spendaholic.online,available,,,high,high,11,,,,
517afd64-a839-4da3-bf26-ec6adab280ca,stirrups.online,available,,,medium,low,8,,,,
2a40ea58-9e84-4ef5-8e05-1850195f4556,seaweed.online,premium,,,high,low,7,,,,30/09/2026 02:49
090aaf4f-bca5-4e8b-89b3-fc3f1e10554f,harbor.online,premium,258.95,1035.2,high,low,6,spaceship,,,28/09/2026 05:56
68f93037-b4aa-4121-8681-0a8dee4feb91,gadget.online,premium,13800,13800,high,low,6,namesilo,,,19/09/2026 21:47
29a46011-59e7-42af-814d-f07f94058b35,transmission.online,premium,1107,1107,high,low,12,namesilo,,,27/09/2026 08:37
001f66df-aefb-434d-9e81-7931448b0a2b,constructable.online,available,,,high,high,13,,,,
1319b091-db7e-4461-83e1-6c447b060271,mesmeric.online,available,0.98,34.98,high,low,8,namecheap,,,24/08/2026 21:13
1ee1b2da-64d9-4410-89f0-6c01bc2a6164,esthetical.online,available,0.98,34.98,high,low,10,namecheap,,,21/09/2026 21:22
ad76a2c1-c14c-4af2-94ca-7738c69d8312,gastric.online,premium,156.25,625,high,low,7,name.com,,,18/08/2026 20:32
27a21cf2-9842-4425-b3e6-9c096d36923b,excogitate.online,available,,,high,high,10,,,,
74dfa4d3-6af6-4825-b060-89be114ea608,maxilla.online,premium,156.25,625,high,low,7,name.com,,,24/08/2026 17:52
a0e22a84-6323-4b37-872c-48efb6f87c6c,terry.online,premium,,,high,low,5,,,,29/09/2026 18:32
1abaad65-00bb-4f66-b5ee-0d6c3a7f2887,fools.online,premium,258.95,1035.2,medium,low,5,spaceship,,,27/09/2026 23:44
cf8f292c-1b9b-4844-9232-0ccaa0ab8915,duma.online,available,,,high,high,4,,,,
b94c6a2d-214b-47a4-ab84-fe344cb8ddd0,muster.online,premium,1000.2,1107,high,low,6,unstoppable,,,01/10/2026 01:33
42d5da84-e43b-4224-8e4d-f8ccc691ed88,discography.online,available,2.99,38.5,high,high,11,namesilo,,,26/09/2026 05:35
22b84aeb-6a15-4f0c-8def-ef3e45b4efe3,contortionists.online,available,,,low,low,14,,,,
507e1617-a9da-447b-8dfe-013a50336a9b,ballparks.online,available,,,high,low,9,,,,
effea85c-6c04-4f1b-afb8-3d5a7e726775,expressed.online,available,0.98,34.98,high,low,9,namecheap,,,17/08/2026 18:26
514a9830-5cd9-4761-8084-52505d0a7a98,shia.online,premium,640,640,medium,low,4,namesilo,,,29/09/2026 02:12
cbd8b4f1-dfc9-46ce-b061-afd25bf4525e,suricate.online,available,,,high,high,8,,,,
ff2942ef-34aa-46f6-a97c-44a127807a51,entrants.online,available,,,medium,low,8,,,,
0a609919-9472-42de-a0af-411913b4a4b9,greeted.online,available,2.99,38.5,high,low,7,namesilo,,,30/09/2026 06:48
407c73a8-95fe-4c25-85f0-13a861a400fe,decayed.online,available,0.98,34.98,medium,low,7,namecheap,,,13/08/2026 20:59
ae353b86-1a2d-4092-9253-ceafc3e8adb3,gaa.online,premium,647.08,2587.7,high,low,3,spaceship,,,29/09/2026 08:40
a55b27d2-1a41-4f4c-880a-e573074149d9,metropolitan.online,premium,1000.2,,medium,low,12,unstoppable,,,29/09/2026 02:58
3d9aa034-71b7-44cf-8574-e2b0ec3640d1,snowplough.online,available,,,high,high,10,,,,
37035eab-5a28-4b60-9eb9-6944af7ab979,captopril.online,available,,,high,high,9,,,,
8ce6bc6a-15d3-4f79-bf17-4ff841547a48,prognosticate.online,available,,,high,high,13,,,,
eb0a3ace-20fe-4859-ad04-83fcff66be26,jubilate.online,available,,,high,high,8,,,,
63d8d543-4587-4ec0-8b95-176685f0e68c,rimy.online,premium,81.25,325,medium,low,4,namecheap,,,09/09/2026 17:41
e0560c1e-463b-4fb0-9ead-514fd1fe1ed5,larger.online,premium,812.5,3250,high,low,6,namecheap,,,22/09/2026 20:38
cbdf5736-b5c9-4497-9deb-8211a09846fb,bottlewasher.online,available,,,high,high,13,,,,
39b58e4b-2174-4905-ad37-91be2e3884cc,stainton.online,available,,,high,high,8,,,,
d1dc4318-44c3-49e6-b654-e49a5f98fa1b,scanning.online,premium,,,medium,low,8,,,,28/09/2026 15:18
51e97d5d-d133-41a6-ba71-4a74e7a92f89,droopy.online,available,0.98,34.98,high,low,6,namecheap,,,14/08/2026 19:43
6a7b3eba-7917-48c8-baa4-bbeaafbe51e5,croagh.online,available,,,high,high,6,,,,
3235d6b3-14e2-494c-b169-fa3a46244a6a,sunups.online,available,,,medium,low,6,,,,
b9028d7c-4862-440d-b34e-315a467b9ae3,outperform.online,available,,,high,high,10,,,,
9124f8ce-ffc3-4f90-9592-812a3cacbccf,outstretched.online,available,,,high,high,12,,,,
4ee464d6-7839-4709-a1f2-4339c67fb5bc,teutonic.online,premium,162.5,650,high,low,8,namecheap,,,11/09/2026 12:13
6510e7f0-1b7a-4f36-a368-3c6118e37fe7,mathew.online,premium,129.58,517.7,medium,low,6,spaceship,,,28/09/2026 16:30
d500dd0e-69d2-468d-b4ff-1d5b57740f60,switchman.online,available,,,high,high,9,,,,
9c672176-81c9-4bf2-b3bd-f01d4becdd26,phoney.online,premium,156.25,625,high,low,6,name.com,,,08/08/2026 23:14
17b426e1-3cd7-4175-86e8-07f63d7bfc67,unbelievably.online,available,,,high,high,12,,,,
affd5954-a51b-4f54-ba31-f6b9aae6313e,motion.online,resell,,,high,medium,6,"Spaceship, Inc.",26/08/2015 21:49,26/08/2027 23:59,28/09/2026 21:51
ac7d350d-9484-40f3-b96e-b1fddf7bca8e,tiring.online,premium,162.5,650,high,low,6,namecheap,,,11/09/2026 16:24
e0555eed-7077-44ad-8a17-6945590df7f7,overvoltage.online,available,,,high,high,11,,,,
392bc0c4-4b8e-4a63-a1fb-c3d47a548cc0,kirtlebridge.online,available,,,high,high,12,,,,
418f531f-57bc-439d-97f2-4a01425be0c9,untraditional.online,available,,,high,high,13,,,,
d997a221-cd04-46d8-a86f-c619750ae662,acrostic.online,premium,640,640,high,low,8,namesilo,,,17/09/2026 03:59
75d1779d-28b1-432c-b2bf-b6ac636d5df4,nibbling.online,available,,,high,low,8,,,,
d4f547c3-f879-45a4-a770-726799b611c9,secularism.online,available,,,high,high,10,,,,
e2761769-6198-401f-acf6-1c367c2ba63d,byelorussian.online,available,,,high,high,12,,,,
6a8aec81-93d8-4297-97f9-6868814931fd,gleaming.online,available,,,high,low,8,,,,
13c0bfd7-8967-4a4f-878b-88ff994a1531,barlow.online,premium,129.58,517.7,high,low,6,spaceship,,,29/09/2026 03:31
800e324c-aba6-46ec-a42b-822c22784ea8,blondes.online,available,,,high,low,7,,,,
c5ac4db8-8e5c-4bae-b816-c3b714f0da13,tiptoe.online,premium,,,high,low,6,"CHENGDU WEST DIMENSION DIGITAL TECHNOLOGY CO., LTD.",05/11/2024 16:07,05/11/2025 23:59,
a937892d-46d0-4649-8eae-10ae20f60783,kong.online,premium,1625,6500,high,low,4,namecheap,,,25/09/2026 12:08
bfafc979-bd68-47fc-bdbb-87a722daed71,keygens.online,available,,,medium,low,7,,,,
5ddd8b9b-c9f8-457d-9a5e-2c034cefb41d,chiliad.online,premium,156.25,625,high,low,7,name.com,,,
ee969643-d4fd-4734-ab3d-71ca901125f6,resole.online,available,0.98,34.98,high,low,6,namecheap,,,10/09/2026 13:33
d200828d-ebe9-4867-bfdf-c51d96143238,liturgism.online,available,,,high,high,9,,,,
0b759830-7efb-427a-8f0d-4be3061363e7,classroomful.online,available,,,high,low,12,,,,
174f025b-a827-4611-8d47-998fed4e5962,pyjamas.online,available,,,high,high,7,,,,
0f965e80-46f4-4540-9f08-8bda8a4d524f,sedgwick.online,premium,,,medium,low,8,,,,28/09/2026 16:41
0e1827ec-1520-4bb3-a801-fc6b26d8d8c0,madly.online,premium,162.5,650,medium,low,5,namecheap,,,14/09/2026 09:19
b7cbbe91-3922-4f54-a959-a7ca017cf6d1,johanne.online,available,,,high,high,7,,,,
fef61ba8-e40d-4799-80ad-b891e545bb21,elouisa.online,available,,,high,high,7,,,,
cb5059ad-9e5c-4b9a-9dbd-317eb2631064,toning.online,available,,,high,high,6,,,,
fcbcba29-9f46-43e7-945d-2814d526bd11,comicotragical.online,available,,,medium,low,15,,,,
42064606-a2d9-481e-9aa4-d0da63d231b6,townfolk.online,available,,,high,high,8,,,,
c620ef15-1772-4ca4-ae44-59abb3118b83,unbuttoning.online,available,,,high,high,11,,,,
c1889612-550c-452c-bc66-f6d7d5b621e6,simmons.online,premium,812.5,3250,medium,low,7,namecheap,,,28/09/2026 07:47
ee0ed78a-a969-4dac-a8b9-4a726d8ff98e,yellow.online,premium,812.5,3250,high,medium,6,namecheap,,,23/09/2026 14:15
aad092af-f1b7-4a55-9723-82e28d24e9f7,awesomely.online,available,,,high,high,9,,,,
3fce0de7-4114-4905-a132-9763e1e9ad38,atayal.online,available,,,high,high,6,,,,
4610e03c-9c28-4d74-9f11-2b14e823ebeb,integrative.online,resell,,,high,high,11,Xin Net Technology Corporation,24/08/2025 00:03,24/08/2027 23:59,26/09/2026 06:54
a4a92226-c7c8-496f-a5f9-da5ca06e5e85,bimonthly.online,available,0.98,34.98,high,low,9,namecheap,,,09/08/2026 22:42
3e3cfc0b-fafa-4ecd-83af-302438fbca70,alanine.online,available,2.99,38.5,high,low,7,namesilo,,,18/09/2026 01:50
c50e2e09-1b97-4d3b-afd4-b8fddbc56195,genesial.online,available,,,medium,low,8,,,,
47bb4452-c044-4e28-aa3f-ee85b7c7b711,taekwondo.online,available,,,high,high,9,,,,
0795b66d-3a98-4fbf-a61d-1f2b77c2c80f,manipulated.online,available,1.18,15.28,medium,low,11,spaceship,,,29/09/2026 16:09
81d6c08d-6619-4ed9-a1ec-aa1220788bf1,pumper.online,available,,,high,high,6,,,,
00f83c3b-fa7e-413b-8681-774de2f017ae,rapper.online,premium,2500.2,,high,low,6,unstoppable,,,30/09/2026 09:22
0836f355-0495-4c87-9728-09f875688d60,submissions.online,available,,,medium,low,11,,,,
017eaa31-1cf5-4cec-86fd-a679cabba15c,nehru.online,available,,,high,high,5,,,,
e31f9888-cfb1-4d29-897b-767f79c1f603,baccalaureate.online,available,,,high,high,13,,,,
90c4095a-8665-4f04-ae7a-67ebd60f3ca8,androidism.online,available,,,high,high,10,,,,
cfd5c919-56f6-40ae-96cf-aee5d7385848,ponders.online,available,2.99,38.5,medium,low,7,namesilo,,,18/09/2026 02:06
20db64c7-abb8-490e-ac6a-2d663ed1013b,foaming.online,premium,156.25,625,high,low,7,name.com,,,11/08/2026 07:18
434cb224-3bcf-471a-8a57-4699c0f68030,kit.online,premium,647.08,2587.7,high,medium,3,spaceship,,,30/09/2026 01:37
e1612103-8c7e-4f77-b76c-1430275c2c5d,productivity.online,premium,,,high,low,12,,,,29/09/2026 23:18
ea08ae37-2248-49b1-bf7c-b4b120a1fd69,clyde.online,premium,302.5,302.5,high,low,5,namesilo,,,25/09/2026 04:17
d32cbef8-b724-4111-aa6c-dcc3375dce13,similarities.online,available,2.99,38.5,medium,low,12,namesilo,,,30/09/2026 06:01
e34da740-c7fa-4e41-9d8d-75aa2a646ede,motorboat.online,available,2.99,38.5,high,high,9,namesilo,,,26/09/2026 07:39
1194acfb-0f52-4cf1-9399-4cc0c7ca6568,alpena.online,available,0.98,34.98,medium,low,6,namecheap,,,18/09/2026 13:31
71ee606d-8b48-4228-b76b-7b46f7b0889d,logbook.online,premium,1107,1107,high,high,7,namesilo,,,27/09/2026 05:59
7f004609-b77f-4478-ba9e-3d01ce406b78,saffir.online,available,,,high,high,6,,,,
d47b650a-74fc-42ca-9fda-9408891ab325,piragua.online,available,,,high,high,7,,,,
319fcff3-02bb-46b7-8326-60d7c3d22ad6,lynchburg.online,available,4.99,27.7,medium,low,9,cloudflare,,,28/09/2026 14:48
eca4eb24-7e69-4b9b-a39c-ca24c15803b5,appliances.online,premium,,,high,low,10,Key-Systems LLC,29/08/2015 05:08,29/08/2027 23:59,30/09/2026 14:41
625d3052-ac6d-4ee7-ae3e-09906f5e183e,nutritionists.online,available,,,high,low,13,,,,
841d77fd-3233-4281-a88d-201a0525a6a7,carbonyls.online,available,,,medium,low,9,,,,
60825608-1910-4034-b212-977b8ca9cea7,nicolette.online,available,,,high,high,9,,,,
1bf74ebf-c22a-426f-9048-83f75b9c6b2b,bevel.online,premium,640,640,high,low,5,namesilo,,,23/09/2026 11:58
4e5ef021-b225-4fe1-b7ee-2f879f919189,reupload.online,available,,,high,high,8,,,,
b9d2afe3-4016-4a15-8b6f-bcccb30e54c2,wikipedic.online,available,,,high,high,9,,,,
36479819-263a-4dfb-87be-8c1dc1b04355,conditions.online,premium,64.89,258.95,high,low,10,spaceship,,,28/09/2026 10:19
013c38a1-aeae-4787-94da-00f1510003ce,straining.online,available,0.98,34.98,high,low,9,namecheap,,,10/09/2026 21:43
8cb7a70f-1e46-40c6-b5e4-eee6f215fc29,punctuall.online,available,,,high,high,9,,,,
8f9d26ac-ba7c-40b3-825a-4d619d3a2c42,nobles.online,premium,68.75,275,high,low,6,dynadot,,,29/09/2026 15:05
060c3832-9288-4b02-bb22-5d3f2525612a,pets.online,premium,6468.95,25875.2,low,low,4,spaceship,,,28/09/2026 08:51
8fd169d9-cf4d-407a-8412-6a88e1a4d7f5,westbury.online,premium,302.5,302.5,high,low,8,namesilo,,,30/09/2026 05:55
46242a48-2b7c-487c-ace8-5d81b9971a48,boogaloo.online,premium,302.5,302.5,high,high,8,namesilo,,,30/09/2026 02:21
1f18dbd8-d388-4ca9-97f6-49878d8392e1,kingman.online,premium,137.5,550,high,low,7,dynadot,,,30/09/2026 13:59
17d021c2-165d-4c71-9524-e2e7944be2de,goalie.online,available,,,high,high,6,,,,
00f9f4e5-aef1-4580-b085-a44cd677903d,scent.online,premium,1107,1107,high,low,5,namesilo,,,20/09/2026 08:28
891277ca-ec2d-43fe-a0c6-8ba8d2e5f0f1,goudhurst.online,available,,,high,high,9,,,,
82f823d7-1bb2-4132-9d1d-eaf816273e8a,shortfin.online,available,,,high,high,8,,,,
8a250b1b-4fa7-4730-92ca-6f53080499cd,merge.online,premium,647.08,2587.7,high,low,5,spaceship,,,29/09/2026 01:02
5404ad9b-6d1b-4571-9a74-4e501697bf0a,jackson.online,premium,6900,6900,high,low,7,namesilo,,,19/09/2026 04:43
6ecfad69-4033-47c0-9666-b3f031d43c89,copyable.online,available,,,high,high,8,,,,
de93be08-ee91-425c-98fe-96c4bc9fe820,outing.online,premium,500.2,,high,low,6,unstoppable,,,29/09/2026 18:23
62e6f73f-3b79-4ceb-b8d9-dc1e2114cc00,presided.online,available,,,medium,low,8,,,,
ffbd23ef-f132-4139-aaae-1d917792162e,rustical.online,available,,,high,high,8,,,,
ff481cb1-06a1-42ea-a547-8509ca81cb04,gambelia.online,available,,,high,high,8,,,,
1ed23150-2d70-4404-9aae-a6a6bc9998d1,pairing.online,available,,,high,high,7,,,,
578e8602-1318-481b-9345-0e49d75340f1,readdress.online,available,,,high,high,10,,,,
53daa031-30a3-433c-a0be-d87665665791,mussolini.online,premium,640,640,high,low,9,namesilo,,,23/09/2026 08:12
a5002f58-44b7-43f2-84b5-fa3873c91343,acceleratedly.online,available,,,high,high,13,,,,
98cc098d-0bc0-4722-9a08-4e47329b1f66,whirr.online,premium,162.5,650,high,low,5,namecheap,,,13/09/2026 11:31
23115146-f1aa-49c3-945a-ec98408d871a,jukebox.online,premium,258.95,1035.2,high,low,7,spaceship,,,30/09/2026 10:20
04b3bf6e-bdf1-4afe-9782-227501ef5797,consumerism.online,available,,,high,low,11,,,,
4ba39868-71e1-4544-81a9-0bc4712bf9c7,harassment.online,premium,,,high,low,10,,,,27/09/2026 13:56
efd0a029-556c-4e69-8b9e-99fd700aaebe,transitiveness.online,available,,,high,high,14,,,,
2a9fdee8-d174-4252-b86b-cbdd372147f2,crisply.online,available,,,high,low,7,,,,
556193bc-5ebd-43e6-a195-2918dcf5726c,eyeshade.online,available,,,high,high,8,,,,
bf949657-0573-4155-b5bb-2e7bb118bd55,diffusive.online,available,0.98,34.98,medium,low,9,namecheap,,,14/08/2026 07:10
9dbd12c7-9b1f-4979-a6a2-8b4962faf221,zarqa.online,premium,640,640,high,low,5,namesilo,,,21/09/2026 10:58
f3d5ef3a-7646-4d83-a915-3b10bd000d65,foxtrap.online,available,,,high,high,7,,,,
48922f91-f7e7-4e76-9f46-04ebef390f32,scholastic.online,premium,312.5,1250,high,medium,10,name.com,,,09/09/2026 23:13
2ef38db5-bbab-4eff-83a2-a8f24de87374,effuse.online,available,,,high,high,6,,,,
2fdd6f0e-7e8c-43bb-8364-16a0b9620d78,raiseable.online,available,0.98,34.98,high,medium,9,namecheap,,,09/09/2026 09:52
152b97e8-df76-4178-9bec-3e32d6a49c50,demonstrably.online,available,,,high,high,12,,,,
95bcea45-314a-4430-a201-3838ad29af31,woodedly.online,available,,,high,high,8,,,,
47becd1d-5827-4972-a13f-932b8621b872,snake.online,premium,647.08,2587.7,high,low,5,spaceship,,,30/09/2026 06:09
4a224a46-fc50-4ef5-b99b-b0ddecd8df35,digoxin.online,available,,,high,high,7,,,,
d29b81db-4843-4397-86c5-688e39a8ddbf,relievers.online,available,,,medium,low,9,,,,
d687dc16-0cac-43be-8381-15d7b6cbc3b3,bagful.online,available,0.98,34.98,high,low,6,namecheap,,,21/09/2026 17:57
0e4a7a4f-2873-439b-8158-1964606f4b30,nat.online,premium,,,high,low,3,,,,28/09/2026 15:51
33abb560-89b0-4d37-b62a-6d9f6a15aac3,unattached.online,available,0.98,34.98,high,low,10,namecheap,,,18/08/2026 14:48
43b4c3cd-07f0-4741-b958-a60955d8c9c0,bronson.online,premium,136.98,546.35,medium,low,7,porkbun,,,28/09/2026 16:48
756d64c4-45b9-420b-ad26-61dd4c6c3ffa,sdk.online,available,,,high,high,3,,,,
4eee1efb-f11b-4f84-b300-043095ebf3d3,captivated.online,available,,,high,low,10,,,,
005d6c75-5c7d-4e9c-8568-69c7ef573e62,nonna.online,available,,,high,high,5,,,,
eda57657-9acd-4d5a-a400-ce3944d31199,superhighway.online,available,,,high,high,12,,,,
fb7c7291-12b5-4aed-bb8d-4be8d75eda33,speaker.online,premium,1293.95,5175.2,high,low,7,spaceship,,,30/09/2026 03:31
c6091f79-8b62-4ab9-99a0-8b98fdb5232c,doubtful.online,available,2.99,38.5,high,low,8,namesilo,,,24/09/2026 11:52
f0196043-e78a-4bf0-9f41-b7f819ae7a84,deferring.online,available,,,high,high,9,,,,
9d88f311-0d9f-4fbd-8e54-6266011f990d,emplane.online,available,,,high,high,7,,,,
508072de-3e09-4aa1-89ed-48f380a776ea,molotov.online,premium,129.58,517.7,high,low,7,spaceship,,,29/09/2026 13:28
901395ff-0371-4d2b-8a02-30288e346e9d,paranormality.online,available,,,high,low,13,,,,
01e657c7-2443-4bdf-a782-6eb90525551f,divergences.online,available,,,medium,low,11,,,,
26c953be-785a-46db-ae98-3750f607e955,removes.online,available,2.99,38.5,medium,low,7,namesilo,,,30/09/2026 07:26
07497e38-f470-4b3f-a977-2eed26188e4c,succeeding.online,premium,162.5,650,high,low,10,namecheap,,,29/09/2026 21:16
9446fe70-700d-411e-99f4-175c62be0948,shimmery.online,available,0.98,34.98,high,medium,8,namecheap,,,10/09/2026 06:30
974e892b-aee8-49ae-890e-9d220e093e46,budget.online,premium,6900,6900,high,low,6,namesilo,,,29/09/2026 05:05
bdfb7ee5-ffc6-4486-8945-d8e23cca1509,anchorage.online,premium,1107,1107,high,low,9,namesilo,,,19/09/2026 03:43
14430d96-9798-4622-a581-129a733867e2,beldame.online,available,0.98,34.98,medium,low,7,namecheap,,,23/09/2026 04:46
3c4ebe0b-d9a8-4701-997e-f133fa9d6ff6,outsell.online,available,2.99,38.5,high,high,7,namesilo,,,27/09/2026 06:08
28f9ed22-5f9b-4a36-b92f-087ba07ab537,venetian.online,premium,325,1300,high,low,8,namecheap,,,13/09/2026 02:02
592e1fac-6a64-4c46-9318-da3111ddffb3,afterward.online,available,0.98,34.98,high,low,9,namecheap,,,
74345487-094a-4963-bf5b-d7c76375731c,ansi.online,premium,,,medium,low,4,,,,28/09/2026 11:47
f68cdc6a-1538-4967-b453-9598c35eb07f,overdrive.online,premium,1107,1107,high,high,9,namesilo,,,27/09/2026 05:28
038446e3-4d8d-4640-a4da-9fb67853bca2,accroached.online,available,,,low,low,10,,,,
41f0695e-fc44-43df-a11e-a27146972115,peopled.online,available,0.98,34.98,high,low,7,namecheap,,,08/09/2026 15:32
85dd0a3a-90ae-48ca-af45-6479b71d2276,browned.online,available,0.98,34.98,high,low,7,namecheap,,,11/08/2026 06:29
5238f453-d792-46bd-88a7-50544130b9d4,esurveillance.online,available,,,medium,low,14,,,,
deef0c39-e2e1-45ea-9186-bb9f576ce4eb,multihull.online,available,,,high,high,9,,,,
6e76cdb1-ebf2-4b30-a3dd-33b65c342b30,recatalogue.online,available,,,high,high,11,,,,
17d542f1-29c3-409c-b674-01a538d9ba93,ferrybridge.online,available,,,medium,low,12,,,,
799bb60f-e85f-4a44-9449-b0ec4331e7fb,contestable.online,available,,,high,high,11,,,,
424a6b34-ecc6-4e02-8afe-e4dcfca1b25c,behaviours.online,available,0.98,34.98,medium,low,10,namecheap,,,20/09/2026 22:06
672dc1b3-3106-4e03-aa32-c5665478c370,policyholders.online,available,,,medium,low,13,,,,
a4514647-f73c-4f72-89b2-957a1c8033a9,jemmapes.online,available,,,high,high,8,,,,
e1786dba-c9a9-473b-b4ce-fe4bb6a7b873,matthew.online,premium,3450,3450,high,low,7,namesilo,,,25/09/2026 06:38
3439cab0-15f9-4dc8-8594-8689256c52e0,gorbachov.online,available,,,high,high,9,,,,
856fbce7-2ee5-401b-916c-7fb2f9573237,trumpeting.online,available,,,high,high,10,,,,
3392fa1a-2395-4cde-8f3d-3e95ef183962,extra.online,premium,13800,13800,high,low,5,namesilo,,,21/09/2026 17:12
cf108c0e-286c-4aad-941b-be5159453f6f,athenry.online,available,,,high,high,7,,,,
775826bc-8457-4672-aa46-f9d82e5155a1,outrageousness.online,available,,,high,high,14,,,,
3f14bb5e-5995-452c-928c-d425efc730e5,aconcagua.online,resell,,,high,low,9,"GoDaddy.com, LLC",19/07/2026 15:52,19/07/2027 15:52,26/09/2026 01:21
80ad13e3-04d3-4a5a-87f7-21bb5ea14782,carbaryl.online,available,,,high,high,8,,,,
c0c44e46-ef27-40ab-bf99-37e513e94982,window.online,premium,1293.95,5175.2,high,low,6,spaceship,,,30/09/2026 14:44
3e1c1787-83a5-4772-8fe8-860adfdee344,anderson.online,premium,3450,3450,high,medium,8,namesilo,,,19/09/2026 04:34
0e891a73-395b-499b-b729-e6e8655fa699,thb.online,premium,312.5,1250,high,low,3,name.com,,,21/09/2026 14:19
809822cb-33ed-48cc-b55a-9d0e5c486033,midcareer.online,available,,,high,high,9,,,,
8753c57c-da78-4d0d-9890-bdd871e44c05,likens.online,available,,,high,low,6,,,,
5f9b6602-0409-4309-aa54-1732c099862f,batcher.online,available,,,high,high,7,,,,
e5a2102e-17f5-422f-b5df-6aa7a4329955,upends.online,available,,,medium,low,6,,,,
fcac73bc-dda9-4c81-96fc-837a0de660a5,ports.online,premium,500.2,,high,low,5,unstoppable,,,29/09/2026 09:54
1118c2a1-84f4-4935-b0f4-c5bc41f134c5,osmond.online,available,,,high,high,6,,,,
04329a12-8b1f-41dd-8d2f-62b47ef24cd9,gouldstone.online,available,,,high,high,10,,,,
1741f995-5ccc-4af0-9500-f6972dc709c5,coed.online,available,,,high,low,5,,,,
14e9f1a6-25c6-47ac-b128-cf43decc8048,doorman.online,premium,250.2,,high,low,7,unstoppable,,,01/10/2026 01:48
9e2b2e59-d0a6-4d77-85fd-f174b17840a2,multistorey.online,available,,,high,high,12,,,,
40c6a505-1ee4-4702-8719-1bacdb31fb71,vowed.online,available,4.99,27.7,high,low,5,cloudflare,,,29/09/2026 23:41
5b94e24c-0ce2-40ba-950f-450cb8025cea,utter.online,premium,64.89,258.95,medium,low,5,spaceship,,,28/09/2026 10:04
19c033df-8c9d-44f0-8556-df8b75a2a012,visualizer.online,available,,,high,high,10,,,,
a9f18b7a-e93e-4018-996d-e39dc905494e,glace.online,premium,78.12,312.5,high,low,5,name.com,,,13/08/2026 09:46
95ebead1-c5c5-4aa7-9afe-bc81f242492b,unskilled.online,premium,78.12,312.5,high,low,9,name.com,,,
787e9c19-0e77-497b-9647-228cd5facca5,subtenant.online,available,,,high,high,9,,,,
9d239925-2a3d-44e3-95ab-2859d0bc24aa,rooftree.online,available,,,high,high,8,,,,
c82c8e4c-b7f0-4cae-9184-5075dcb7c4b6,npapi.online,available,,,high,high,5,,,,
cd954081-17b0-405d-a280-10d76718cf99,zama.online,premium,162.5,650,high,low,4,namecheap,,,22/09/2026 16:21
52fc316f-8f53-472e-ae3f-17dcd44ccf5b,earthmoving.online,available,,,high,high,11,,,,
b8cf254f-aa93-42a9-962e-f6945e271251,bordeaux.online,premium,162.5,650,high,low,8,namecheap,,,24/09/2026 07:22
29aee02c-a093-4f7d-8fe0-b1a362e72bc9,winning.online,premium,640,640,high,low,7,namesilo,,,24/09/2026 17:37
e76facd9-bac0-4cd6-9162-f30ded4841c1,grub.online,premium,781.25,3125,high,low,4,name.com,,,11/08/2026 09:30
a72324a9-dec8-40d7-b460-45fb4e7cd6e7,lenox.online,premium,250.2,,medium,low,5,unstoppable,,,28/09/2026 22:22
5f38a54f-ea5d-4503-ae6d-df68da644397,colourised.online,available,,,medium,low,10,,,,
b6e4ce4c-4583-49cd-95ad-758ad758ece0,strengthener.online,available,,,high,high,12,,,,
c25ddda5-36c1-49bd-b9b7-c19da6e3deed,scrubby.online,available,0.98,34.98,high,low,7,namecheap,,,09/09/2026 23:39
fcd7f3ac-fded-4d5f-9ff8-f6574c999dfe,bytecodes.online,available,,,high,low,9,,,,
f9be774f-86c0-45ce-8fce-6b6b124ee377,webcamera.online,available,,,high,high,9,,,,
857bcb31-8be3-4edf-96b5-8ced48849a72,nrca.online,available,,,high,high,4,,,,
390dcaff-3981-47e8-9727-e0a18023b661,notarise.online,available,,,high,high,8,,,,
2909988f-dc16-4e6e-910b-08b661ab7413,fiesta.online,premium,275,1100,high,low,6,dynadot,,,01/10/2026 02:03
2e6e17b5-d56b-41e5-bbc6-6b27d105407f,misinterpret.online,available,,,high,high,12,,,,
609fc0fc-2cb7-40d8-9893-66f880e09018,deq.online,available,,,medium,low,3,,,,
b877c591-7e52-4157-bacf-96e79c290487,mushroomy.online,available,,,high,high,9,,,,
1f5fe917-bd8b-469c-a587-3267b62e061c,languid.online,available,0.98,34.98,high,low,7,namecheap,,,22/08/2026 18:03
f12ec5d3-4994-40fc-bd38-7f8532ee1a72,lama.online,available,,,high,high,4,,,,
72ddbaaf-fbf5-4fe0-9bb0-6cda3504411d,manger.online,available,,,high,high,6,,,,
9daa87c2-55e3-4fbb-8d49-b0d46cb93a7e,whimsical.online,resell,,,high,low,9,"DNSPod, Inc.",11/05/2025 08:10,11/05/2027 23:59,26/09/2026 10:08
430099dd-7934-4b62-b9ed-3f30c3f7c793,deadpanning.online,available,,,low,low,11,,,,
0dc9e7aa-0379-49f6-8472-6a12b02b0697,develop.online,premium,812.5,3250,high,low,7,namecheap,,,30/09/2026 13:46
0c648bde-4833-4e75-924e-7554274450fa,positive.online,premium,325,1300,high,low,8,namecheap,,,23/09/2026 14:53
50e94ae4-4791-4735-a4c2-f9754219fea4,picaridine.online,available,,,high,high,10,,,,
6c2c08fc-16eb-4781-8ea3-5e367ac68d0e,austrasia.online,available,,,high,high,9,,,,
67cc8d5d-8624-4930-89fe-85d972fe3c59,shared.online,premium,1625,6500,high,low,6,namecheap,,,24/09/2026 11:33
12a69dda-f0d8-4f24-b5db-b68b33e06127,voters.online,premium,,,medium,low,6,,,,29/09/2026 10:41
8357020c-5940-4f0e-9ec7-32cd60c45b45,coursework.online,premium,,,high,low,10,,,,30/09/2026 16:49
03206f22-517e-44d9-b9cb-8f6841c8e525,potter.online,premium,258.95,1035.2,high,low,6,spaceship,,,27/09/2026 12:23
211f4176-e4a5-4631-af20-30e6bca47bbe,revocation.online,available,2.99,38.5,high,low,10,namesilo,,,19/09/2026 11:02
667699bf-39c2-4eac-847b-458fa0e3023c,naturals.online,available,,,high,medium,8,,,,
92d04cb0-af7e-4cb8-ba9c-d8f1c6cf0913,headphone.online,premium,2500.2,,high,high,9,unstoppable,,,28/09/2026 02:20
5c261244-1b02-4cfd-9cbb-cf07bf57e52f,walking.online,premium,781.25,,high,low,7,name.com,,,28/09/2026 10:16
ae0298a7-af00-492a-a5b5-8de2ab2db344,instalment.online,available,,,high,high,10,,,,
b9126d1d-f1f6-4137-a063-06bde89788f9,approbation.online,available,,,high,high,11,,,,
6037fc49-fb0b-4a42-8500-eb03066f5a8c,continuously.online,premium,78.12,,high,low,12,name.com,,,
a732cb5c-e9f4-4b4e-a260-3806d576b655,santos.online,premium,682.81,2729.67,medium,low,6,porkbun,,,28/09/2026 15:17
65d058d0-d8d8-40e2-90d8-26cb063b4a38,obvi.online,available,,,high,high,4,,,,
1e234290-4720-43c2-be92-842e57f9bd41,descendants.online,premium,64.89,258.95,high,low,11,spaceship,,,30/09/2026 22:55
8032f026-5748-48ad-81b0-8b5026323522,thoughtfully.online,available,,,high,high,12,,,,
2cb3e947-179e-4877-bfdd-c8a32adcc536,brunei.online,premium,1107,1107,high,low,6,namesilo,,,28/09/2026 05:20
71e45cfc-6e54-4487-8ce9-1b6b11b96911,columella.online,available,4.99,27.7,high,low,9,cloudflare,,,30/09/2026 09:13
d7df79a3-e6d8-40b2-8bd2-bcc84d7a6e5f,gator.online,available,,,high,high,5,,,,
6bfa1c03-5243-4843-bd45-44c1b2c41c6f,byron.online,premium,136.98,546.35,medium,low,5,porkbun,,,28/09/2026 18:32
8312b222-2956-4a5a-9e96-f669b18e90cc,waterford.online,premium,640,640,high,low,9,namesilo,,,27/09/2026 16:17
e43cc5f2-aa20-4a36-8906-002ef5cdf128,inculpate.online,available,,,high,high,9,,,,
58d40bc7-9aa1-466d-a77c-b1135f308272,enmity.online,available,2.99,38.5,high,low,6,namesilo,,,19/09/2026 12:26
001181cf-3950-435f-9699-23311381eddd,baronial.online,available,,,medium,low,8,,,,
e0a98233-2958-4833-a7a0-3f7f96e378d2,corm.online,available,,,high,high,4,,,,
7c4382f1-1695-4031-9d0f-5dbe9fd81a4e,mummification.online,available,,,high,high,13,,,,
68d7cb5c-3556-46e1-b7b2-d622ed840b8d,argent.online,premium,156.25,625,high,low,6,name.com,,,06/08/2026 17:51
1745d8d1-51f1-4fa1-a9f0-2f265089cfff,isaac.online,premium,,,high,low,5,,,,28/09/2026 19:31
406525ea-d146-4b20-96cc-d2507e547028,hypothetically.online,available,,,high,high,14,,,,
c7607b5f-aa02-415d-99bd-8d915ae4e808,smh.online,available,,,high,high,3,,,,
fe7cf06c-db96-40dd-97e7-b329c3266ea0,persuasions.online,available,,,medium,low,11,,,,
8d07f432-3056-4b48-a5c2-fc46ae9bb91f,copyeditor.online,available,,,high,high,10,,,,
16629be7-0827-4604-9af2-7070faf80d11,proffer.online,available,,,high,high,7,,,,
c00e5187-8caf-48cd-b5c8-b8e6d0f4c1f4,hoedown.online,available,,,high,high,7,,,,
e76f3fb8-976c-4d22-8656-03c5aa506076,folds.online,premium,68.75,275,medium,low,5,dynadot,,,30/09/2026 14:49
9e4407a9-3220-45bc-b125-add49763f305,dani.online,premium,640,640,high,low,4,namesilo,,,29/09/2026 15:20
5dbf1289-b376-40d3-b4d4-a30a29754d2a,michtam.online,available,,,high,high,7,,,,
fa006f1a-6af6-48a0-bec0-bd85a1bddeb5,street.online,premium,1562.5,,high,low,6,name.com,,,30/09/2026 12:12
c088b03c-582c-4e20-b803-d6563e4d1999,pickford.online,premium,,,high,low,8,,,,01/10/2026 02:18
bb90144b-ebae-426f-a7e9-dd285c7c18c4,drape.online,available,,,high,high,5,,,,
371c8d91-0d96-4eb3-aff5-61d62a29e23a,burnishing.online,available,,,high,high,10,,,,
28058de6-c9a9-4c80-989a-e1df0d7411c1,lethologica.online,available,,,high,low,11,,,,
39d3a11f-b44c-40a8-9e11-6b7b84af2f98,whiskey.online,premium,1293.95,5175.2,high,low,7,spaceship,,,27/09/2026 16:19
cc457343-573f-41d8-afe2-735ef5361625,synonym.online,available,,,high,high,7,,,,
2496592f-95d0-4dcf-9ab9-e32f386bde31,springmaking.online,available,,,high,low,12,,,,
e142aa33-e0bb-457f-9701-21e595e1372f,irritate.online,premium,162.5,650,high,low,8,namecheap,,,29/09/2026 14:40
329f6265-4143-42a4-8ff0-ea6f037dfb1d,mottled.online,available,2.99,49.99,high,low,7,name.com,,,13/08/2026 17:41
9a5ddce3-2704-4ff6-9e6b-57a56e4bcdb9,cdrw.online,available,,,high,high,5,,,,
e8cb4d2a-e399-4dd2-ad8b-d7f374c036ea,deviant.online,premium,781.25,3125,high,low,7,name.com,,,
6467dabf-1d65-4bcb-9ea0-5cdb8c55ff9a,veering.online,available,,,high,medium,7,,,,
d9657e19-4b1c-4832-8baa-8ccba155af69,eas.online,premium,1000.2,,high,low,3,unstoppable,,,30/09/2026 09:27
69582078-a344-44c1-ac37-9be39f98b6c1,farm.online,premium,1562.5,6250,high,low,4,name.com,,,29/09/2026 18:58
e6ebeca8-ee3d-4e60-b723-8a47a94cd051,folksinger.online,available,,,high,high,10,,,,
02549eda-aa10-4b84-8f71-71de184a862f,armstrong.online,premium,3250,13000,high,medium,9,namecheap,,,20/09/2026 07:49
5954ea8a-c0a0-49c6-bb14-a7a2f51b1ce1,hindu.online,premium,312.5,1250,high,low,5,name.com,,,21/08/2026 09:30
64369c02-749f-4737-80ea-be69859d1f43,flew.online,premium,156.25,,high,low,4,name.com,,,30/09/2026 22:39
fe68fc63-e091-4e96-99cb-82ff7ae6deda,cyril.online,premium,81.25,325,high,low,5,namecheap,,,25/09/2026 04:29
78a587da-2bdb-4810-af01-b8993e17d2c0,lester.online,premium,64.89,258.95,high,low,6,spaceship,,,28/09/2026 05:11
add02225-fc73-4871-a7c3-199d08395824,gouda.online,premium,,,high,high,5,,,,01/10/2026 02:19
a752d130-841e-4f4d-b043-ae9fc2a19eee,cranberry.online,premium,1293.95,5175.2,high,low,9,spaceship,,,30/09/2026 01:08
bc47e065-9797-481b-b5c0-6e15316ff487,cathodic.online,available,0.98,34.98,high,low,8,namecheap,,,11/08/2026 21:56
3db15928-8d1a-4b5c-b934-71372d77a73d,classrooms.online,available,,,high,medium,10,,,,
801c812f-bf02-4a79-823c-3cc62a3f4176,aitch.online,available,,,high,high,5,,,,
9997e09e-9f83-4912-9dfd-c837893ed66b,auricle.online,premium,640,640,high,low,7,namesilo,,,21/09/2026 00:43
757e669e-50bd-4399-a534-204b815092b8,receiver.online,premium,64.89,258.95,high,low,8,spaceship,,,28/09/2026 10:40
1b06bfc7-45dc-49ce-bbbe-8213ef9da536,termly.online,available,,,high,high,6,,,,
1e816239-d90a-43a3-b4ca-02106670e2d0,alehouse.online,available,2.99,38.5,high,low,8,namesilo,,,18/09/2026 05:01
bde54e1b-b400-4322-9ea1-65faa146a079,yeah.online,premium,640,640,high,low,4,namesilo,,,28/09/2026 16:49
629bc079-6b47-4f3c-bf15-182f68b19dc2,flats.online,premium,6900,6900,high,low,5,namesilo,,,29/09/2026 12:22
650e0fc5-f0be-4184-9e95-1cd76fd8774f,browser.online,premium,647.08,2587.7,high,low,7,spaceship,,,29/09/2026 04:41
2fe316c7-f9b7-4cff-920e-ce0823509e97,ndp.online,premium,,,high,low,3,,,,29/09/2026 09:39
33b52b0c-14d6-47ae-8c1e-293ac69ba84c,kingships.online,available,,,medium,low,9,,,,
738102e9-97f3-4151-ade9-a5c0e58f2a15,bailey.online,premium,812.5,3250,high,low,6,namecheap,,,21/09/2026 19:05
2cbcf6d6-edbc-4af1-8670-c26cac48f3d8,cresting.online,available,,,high,high,8,,,,
debf79fe-2dfb-443c-a929-1243e0420bc2,seigneurs.online,available,,,medium,low,9,,,,
1fe4fdc4-cf50-498e-b5a2-51fbcc94be48,momma.online,premium,129.58,517.7,high,high,5,spaceship,,,29/09/2026 02:19
c5ea8d76-7d89-46db-887e-8aa43722443d,gas.online,premium,3450,3450,high,low,3,namesilo,,,30/09/2026 01:57
974a3ea8-eec3-4dc3-a5b8-3c07edec6d13,ashtray.online,available,2.99,38.5,high,low,7,namesilo,,,20/09/2026 14:02
e72169ed-09ee-4ce0-8f58-c42da8269d54,maddy.online,premium,302.5,302.5,high,high,5,namesilo,,,01/10/2026 02:23
9c2272f3-9171-47e5-8632-95fe3e25193d,hearthrug.online,available,,,high,high,9,,,,
20f01b00-d42e-4178-8f00-db1740fd5da8,alca.online,premium,640,640,high,low,4,namesilo,,,18/09/2026 03:36
20dfb189-8f46-4394-bad8-e7fbb85c550c,bathers.online,available,,,medium,low,7,,,,
c0f102a8-21e9-4da5-9c3e-a3f7568da26e,scimitar.online,available,,,high,high,8,,,,
6b2b71b3-fa9c-4ee2-af8d-812921a64fe3,viciously.online,available,0.98,34.98,medium,low,9,namecheap,,,14/09/2026 01:35
0aa040b1-4ba9-44ae-be58-1c1b24112ad8,athy.online,available,,,high,high,4,,,,
20ebe9b9-dfa2-4be9-a20b-897439e46d82,flittering.online,available,,,high,high,10,,,,
49d803ea-389c-4cf0-bdc6-26ac1d6ba96b,bins.online,available,,,high,medium,4,,,,
935dd2b3-c422-43cd-a9a9-94467c9f76b8,skillfully.online,premium,81.25,325,high,low,10,namecheap,,,16/09/2026 02:07
628684e1-3257-4ba0-93ed-c98d5e21fd82,grappenhall.online,available,,,high,high,11,,,,
b91746a6-74db-4b2a-bc1f-7ecf490f7219,sacredly.online,available,,,high,low,8,,,,
a3a2c1fa-901b-4353-8a0a-4aaa8d7f12ac,inquirer.online,premium,1107,1107,high,low,8,namesilo,,,20/09/2026 14:22
617c6107-cd50-4365-9e81-268f4c402373,fruiting.online,available,0.98,34.98,high,low,8,namecheap,,,18/08/2026 17:04
bb2acf15-5fed-415e-804d-3f3c6982719b,assiduity.online,premium,302.5,302.5,high,low,9,namesilo,,,20/09/2026 16:21
fbb7e71c-5831-4266-94b2-745102e4c41c,tallinner.online,available,,,high,high,9,,,,
0d5c98ab-5cea-44ee-adfc-f3631d4d20c1,carbonigenous.online,available,,,high,high,13,,,,
3c60b8b7-92c0-41f6-bd7c-fba63557b127,vib.online,available,,,high,high,3,,,,
02bf458d-a111-4bc9-a7ef-2776f6488b19,tvr.online,available,,,high,high,3,,,,
9e3bfe81-b34c-4681-92a0-d3ab9dc6690e,moneyless.online,available,0.98,34.98,medium,low,9,namecheap,,,25/08/2026 04:43
99167bb8-a806-4e11-a5a3-a18eeda167d3,bussing.online,available,,,high,low,7,,,,
5ef43433-c42c-4ee9-9c86-5fc4551115a8,dishonored.online,available,0.98,34.98,medium,low,10,namecheap,,,14/08/2026 10:23
96aa46f9-ff87-41c4-aa8a-8155f6335cbc,carbonatogenesis.online,available,,,medium,low,16,,,,
d21e7cb9-0685-424d-a759-0e13bb0b9f70,duchamp.online,available,,,high,high,7,,,,
4fc2ba8c-8fe1-4ad3-8dd6-049bcb8371b6,nestled.online,available,0.98,34.98,high,low,7,namecheap,,,03/09/2026 15:46
1546e7d3-27c1-4032-9fe9-52cc9efb465b,midwives.online,available,,,high,low,8,,,,
03b39e26-b9ab-44ef-bd71-4f3e19ea6f8c,unwieldy.online,available,0.98,34.98,medium,low,8,namecheap,,,12/08/2026 13:10
a8a01ed8-ffda-412f-9029-b480a22ef318,newbuilt.online,available,,,high,high,8,,,,
bbdcbc51-2a3a-45eb-bcf4-c115f4e6b8f1,interestedness.online,available,,,medium,low,14,,,,
cc65138b-6cdd-4c47-83b9-4bd238a77416,protectiveness.online,available,,,high,low,14,,,,
98c1e2b4-9d4a-4067-91da-0dffa2fd112f,gratin.online,available,,,high,medium,6,,,,
f3b2c27b-f06a-4b7c-b5e7-bd0a8a1d2db0,outsider.online,premium,647.08,2587.7,high,low,8,spaceship,,,28/09/2026 15:01
4db8be1c-9812-49b6-9c1e-27f34ae12bd4,marxist.online,resell,,,high,low,7,"GoDaddy.com, LLC",19/07/2026 19:35,19/07/2027 19:35,26/09/2026 07:27
b5c82f39-7849-40ab-8968-f3734ad2b23d,politician.online,premium,302.5,302.5,high,low,10,namesilo,,,28/09/2026 10:44
5a6afa79-b41e-4fe7-b9e9-8e31fdc05f58,battleship.online,premium,1107,1107,high,low,10,namesilo,,,22/09/2026 16:29
8eb561ae-2bbe-473b-867f-57579f88af1a,uncharged.online,available,0.98,34.98,high,low,9,namecheap,,,12/09/2026 05:06
6e0544c2-0332-4b6b-b513-148fc2b04ba4,sartre.online,premium,640,640,high,low,6,namesilo,,,29/09/2026 07:22
7dd93eda-dd60-4a06-b868-474c63bc6ceb,colourless.online,available,0.98,34.98,medium,low,10,namecheap,,,12/08/2026 17:55
b77a457a-24cb-40e9-9303-bb9497d0f7d3,wowsers.online,available,,,high,high,7,,,,
6464d5a5-3c7e-40df-90cd-ea53b95b5599,revising.online,available,,,high,high,8,,,,
03f1a901-9dc9-4701-821e-02c89e212dfd,jingling.online,premium,81.25,325,high,low,8,namecheap,,,08/09/2026 03:33
a97d73ca-5e58-4562-8a98-90675acc18c0,jackfruit.online,resell,,,high,low,9,"GoDaddy.com, LLC",23/01/2026 02:13,23/01/2027 23:59,26/09/2026 06:58
b393e124-3399-416f-b742-bf221d59aebb,tibetan.online,premium,312.5,1250,high,low,7,name.com,,,11/09/2026 15:23
5753c740-8638-4f7f-b14b-5de021b46e04,addresses.online,available,,,high,low,9,,,,
f0d5bf3b-dfec-4ebb-bd6b-3becd28c7016,worn.online,premium,312.5,1250,high,low,4,name.com,,,23/09/2026 12:58
a5c75f47-b3e1-4ff3-b319-c7d0fdc6448c,hoard.online,premium,156.25,625,high,low,5,name.com,,,12/08/2026 16:57
7cc6af1d-4246-4709-9f84-a3182c69b3cd,jackal.online,available,,,high,high,6,,,,
4e528c64-310a-4823-8a5b-92f9568f8221,forked.online,available,,,high,low,6,,,,
33d834a5-3d81-4743-bcd1-7cb7d24a0150,grasscutting.online,available,,,high,high,12,,,,
eb11ffe3-6a11-4135-a431-0bbb856b63af,facelifted.online,available,,,high,low,10,,,,
4fc4bfd5-6409-4a5b-a940-e843aaeb969f,whiskyish.online,available,,,high,high,9,,,,
c0c1f432-2faa-4c93-98dd-fca07bade7a7,chenille.online,available,,,high,high,8,,,,
6f21bf19-6ffa-4b5f-b7df-e1b002831763,jocund.online,premium,78.12,312.5,high,low,6,name.com,,,22/08/2026 13:40
a5b4da31-b4d3-4e6f-be26-4f9435b8735b,roddy.online,premium,68.75,273.44,high,low,5,porkbun,,,30/09/2026 20:26
ca40c818-9435-4894-9a3c-91c40306bff3,cannula.online,available,,,high,medium,7,,,,
c7106b3f-5318-4fb7-85b4-7809a6f993af,pacifist.online,premium,81.25,325,high,low,8,namecheap,,,04/09/2026 22:35
4e3e12d8-d159-4b8e-aba0-c5b29f9360cf,psc.online,premium,,,high,low,3,,,,29/09/2026 22:26
4381e775-67f6-4169-927e-a086db86b9a1,aro.online,premium,1293.95,5175.2,high,low,3,spaceship,,,30/09/2026 03:42
7ea1329e-1abd-4503-b3d7-d813374a039d,hinder.online,premium,1107,1107,high,low,6,namesilo,,,24/09/2026 23:48
b8e707e1-8fbd-460b-adc4-86f265bd6f60,umwa.online,available,,,high,high,4,,,,
106356a1-3ee2-4070-b7a5-7c20a48bd9f7,intensifying.online,available,,,high,high,12,,,,
1bbb2246-d4d2-42d4-ae46-249dfa55b511,bankruptcy.online,premium,3450,3450,high,low,10,namesilo,,,22/09/2026 02:50
8b8acbda-7360-4fc7-b71a-011222fd0973,chore.online,premium,129.58,517.7,high,low,5,spaceship,,,29/09/2026 09:00
c1bf670e-d099-45ac-add3-9f6d5d1a053a,bootee.online,available,,,high,high,6,,,,
6a733551-3f76-4512-97e2-0446df77b670,colombo.online,premium,129.58,517.7,high,low,7,spaceship,,,29/09/2026 07:00
aa592b8c-4be3-48a5-9355-41fc8eee125d,sensibility.online,available,3.5,,high,low,11,unstoppable,,,30/09/2026 22:27
d1751197-4523-4679-80e3-5a4669f1c64b,foodie.online,available,,,high,low,6,,,,
64db536f-7115-4b81-9728-50e22b950199,weatherwoman.online,available,,,high,high,12,,,,
77a21259-fe08-4aff-8c01-388aa0460bd5,humanoid.online,premium,6900,6900,high,medium,8,namesilo,,,19/09/2026 04:56
acaed65d-0f82-4517-8930-f764ec4e3b42,ossicular.online,available,0.98,34.98,medium,low,9,namecheap,,,04/09/2026 18:22
ab20ae61-a332-4aaa-9f7d-06cdc9961bf9,consecrate.online,available,0.98,34.98,high,low,10,namecheap,,,12/08/2026 22:25
f116318f-1493-4905-8d29-9220d9025c50,minder.online,premium,325,1300,high,low,6,namecheap,,,21/09/2026 13:29
03f32c61-fb33-46e0-94c4-71742a2cd789,baghdad.online,premium,10000.2,,medium,low,7,unstoppable,,,29/09/2026 00:27
33211fbf-e4f5-4155-ae18-b9189c05aa04,handwave.online,available,,,high,high,9,,,,
ba163679-9b83-46dd-8d27-2f5ad4072ccb,quickdraw.online,available,,,high,high,9,,,,
5fb9ad73-15e3-4238-a3df-7b06d77e8571,crumbly.online,available,,,high,low,7,,,,
b513ca72-5ed1-478f-97d9-703020a5c11c,lull.online,premium,156.25,625,high,low,4,name.com,,,11/08/2026 15:04
5c0afffa-d25a-462f-99ee-9013e783cd86,socialize.online,premium,325,1300,high,high,9,namecheap,,,27/09/2026 06:24
40dd5b7d-574b-4d61-b55a-aff43b09e8fa,wanly.online,available,0.98,34.98,medium,low,5,namecheap,,,16/09/2026 11:19
33d14da5-8b40-47ca-85c0-8c058c05629d,napa.online,available,,,high,high,4,,,,
8b0de351-6c7d-4cb9-9743-1decc0ae90c7,rattling.online,available,0.98,34.98,high,low,8,namecheap,,,11/08/2026 04:30
eab2387f-816e-40d6-873d-4897c524e2e4,groundbreaker.online,available,,,high,high,14,,,,
540dc3b0-914b-4ec0-a499-1e7db6d20fae,muchacha.online,available,,,high,high,8,,,,
09eab2b0-2632-46e9-9f56-29c54247a056,boroughitis.online,available,,,high,low,11,,,,
d8649feb-5b89-437a-8c16-044af02b4cd6,buttonmaking.online,available,,,high,high,12,,,,
412a7e56-2b39-45b9-92bf-7df3d2afacb4,fluency.online,resell,,,high,low,7,Squarespace Domains II LLC,21/08/2020 05:19,21/08/2027 23:59,26/09/2026 06:09
b6498b16-520f-41d0-a43d-f6dbaba9170a,pourable.online,available,,,high,high,8,,,,
e4162bc7-1710-40db-80c5-34a4f47304d0,overridden.online,available,,,high,high,10,,,,
ecdac84e-f235-49f0-89ae-c443e77ad810,selfjoin.online,available,,,high,high,9,,,,
f0ce5761-f2d5-4043-baf2-9ae8a88b0095,accouterments.online,available,,,high,high,13,,,,
54e1e7d3-6e96-483c-ab7a-0f36c9c87326,semiequally.online,available,,,medium,low,12,,,,
4907b631-3a48-466b-9b88-67b82dcf58c1,midterm.online,available,,,high,high,7,,,,
5e64b2ff-2aa3-4e82-9146-11bd668b69bd,lopsided.online,available,0.98,34.98,high,low,8,namecheap,,,07/08/2026 03:41
aaded7be-c48d-468b-843e-4cfa34f8665c,snyder.online,premium,1625,6500,high,low,6,namecheap,,,25/09/2026 18:53
4063b113-ff84-4a43-a530-c02dbae4eb04,emollient.online,premium,156.25,625,high,low,9,name.com,,,14/08/2026 01:39
6e0105c5-25f0-4f26-a54e-c8799c8137da,erp.online,premium,647.08,2587.7,high,medium,3,spaceship,,,28/09/2026 21:45
3593a902-cb61-41a9-8a06-68da5521ce71,magnetize.online,available,,,high,high,9,,,,
d46c1732-3a9e-4ce9-95f6-56a56e429f1e,nausea.online,premium,129.58,517.7,high,low,6,spaceship,,,29/09/2026 13:32
77391b15-d56d-4252-a1d7-dc7d5712537e,exhausting.online,premium,156.25,625,high,low,10,name.com,,,14/08/2026 18:21
a9ff2196-f839-4f7b-abc1-52d7e3c127cc,situation.online,premium,500.2,,high,low,9,unstoppable,,,29/09/2026 02:15
fc7bc78b-f194-423e-9689-3e0c3cfdbc84,remarriages.online,available,,,medium,low,11,,,,
9f815e34-e791-4733-8138-29716f03fa49,flannel.online,premium,640,640,high,high,7,namesilo,,,27/09/2026 05:37
2f90e241-408c-462f-8005-3945f3abc60e,subsurface.online,available,0.98,34.98,high,low,10,namecheap,,,11/09/2026 00:52
9c09fd90-0f05-4896-a1d5-b9ebe48cba29,lutz.online,premium,2500.2,,medium,low,4,unstoppable,,,28/09/2026 15:40
f8d25d74-b61b-47cd-b901-624c997fc805,oversexed.online,available,0.98,34.98,medium,low,9,namecheap,,,21/08/2026 09:17
07c03687-aadf-4dae-9707-b13a0bfbe766,flurry.online,premium,640,640,high,low,6,namesilo,,,17/09/2026 09:17
aa694d20-b64a-483e-9e24-caf207e65aaa,tacoma.online,available,,,high,high,6,,,,
4846e47d-1036-4945-95c8-86200a19b293,melodically.online,available,,,high,high,11,,,,
2fe20b10-4ab4-4769-8ec5-b2e7205aa1ca,artaxerxes.online,available,2.99,38.5,high,low,10,namesilo,,,20/09/2026 10:06
1919f373-4fef-4d13-9d11-b0ff294da648,bleeping.online,available,,,high,low,8,,,,
8077cc84-fbc8-473c-a310-fd3f91e4c036,securest.online,available,,,high,low,8,,,,
e8f897a8-91f6-4673-bcdb-c59c1139dccd,pleasantries.online,available,,,high,low,12,,,,
a87e56e6-8afc-4748-8c36-88edb70bee27,carbonated.online,premium,78.12,312.5,high,low,10,name.com,,,11/08/2026 18:39
4bdfab81-481a-4ef4-a70f-fe37dc62e682,marin.online,premium,640,640,high,low,5,namesilo,,,25/09/2026 15:45
f61adcfa-64f0-4530-adf1-c11f95123421,routinely.online,available,0.98,34.98,high,low,9,namecheap,,,16/09/2026 00:11
e309f210-5c0d-43f6-bec0-1a51d6a5f9a2,faery.online,available,,,high,high,5,,,,
6debbb82-b521-4477-bf04-a13d36bd0003,businesswear.online,available,,,high,high,12,,,,
da46522c-fe47-4361-b347-5adfa9f3f8fc,lust.online,premium,781.25,,high,low,4,name.com,,,30/09/2026 02:38
1c6f3c23-437f-4695-a276-550d1e70665a,lucidly.online,available,0.98,34.98,high,low,7,namecheap,,,15/09/2026 12:12
853184d6-4818-4be9-bd12-2ffbb68843e4,blanket.online,premium,812.5,3250,high,low,7,namecheap,,,08/09/2026 07:17
e03f4888-c467-4528-a901-2dc7581fb2ad,brandon.online,premium,1107,1107,high,low,7,namesilo,,,27/09/2026 07:31
871567af-c589-4930-ac03-87e93bf4d676,glaiks.online,available,,,medium,low,6,,,,
cd464750-beeb-47e4-8e79-cb3b0b8f3d52,veridical.online,premium,81.25,325,high,low,9,namecheap,,,13/09/2026 02:24
d05c3124-5038-4879-a727-953a6c56fb9e,heros.online,available,,,high,medium,5,,,,
780583b6-b88f-40c2-8801-8678616ba18b,sterility.online,available,2.99,38.5,high,low,9,namesilo,,,19/09/2026 15:04
cf0bde18-cec6-4498-a967-9943ca8446c6,vertigo.online,premium,1293.95,5175.2,high,low,7,spaceship,,,01/10/2026 01:46
d9ec63db-8346-458c-bf0d-abbdeb041de0,transfix.online,available,2.99,38.5,high,high,8,namesilo,,,25/09/2026 14:55
e07f0b35-e1f8-4405-9816-9dece4ef5fc2,blackanese.online,available,,,high,high,10,,,,
2c0cbb1d-1259-4e12-b4ce-012c4590b0b4,midhour.online,available,,,high,high,7,,,,
e0c75e6a-c6a9-4625-bf64-2971d1d2cf07,lucullan.online,available,0.98,34.98,medium,low,8,namecheap,,,24/08/2026 11:00
e2867a07-e824-4c32-8103-f00236c9acb0,youngshire.online,available,,,medium,low,11,,,,
91c498bb-ebfc-45dc-b8c0-2f528169b3fb,locker.online,premium,13800,13800,high,low,6,namesilo,,,25/09/2026 06:06
54883f93-ffed-46d3-8406-5875e7601323,confluence.online,premium,1107,1107,high,high,10,namesilo,,,27/09/2026 05:53
80e060c2-c8db-4fa8-ae2a-a279525a6abe,arbovirus.online,available,2.99,38.5,high,low,9,namesilo,,,20/09/2026 00:52
664aff21-7cc2-4895-af8d-41dc3caa2fe3,stalbridge.online,available,,,high,high,10,,,,
e10e29e0-28fa-4bce-bb66-ccf6bd0a8adf,waltzes.online,available,,,high,low,7,,,,
18cefbb7-226f-4c73-b192-841cd2f662e6,spirit.online,premium,647.08,2587.7,high,medium,6,spaceship,,,29/09/2026 15:41
367513e6-6ea5-49fe-9162-d0909b7dc092,cain.online,premium,1107,1107,high,low,4,namesilo,,,28/09/2026 09:13
42375e4b-08af-4b04-9614-38e1cf900889,stratigraphy.online,available,3.5,,medium,low,12,unstoppable,,,28/09/2026 22:57
03503614-5a43-4cd4-8897-895efffb366b,shurely.online,available,,,high,high,7,,,,
6e09ef7f-7301-42f3-a276-7a34a27cc936,outmaneuvered.online,available,,,high,high,13,,,,
a3f3149f-f4bd-4387-970b-ff71ab7508a0,tranquilise.online,available,,,high,high,11,,,,
1b37dd12-ab20-41ca-bbc7-fbc7a754b0c1,mccormick.online,premium,302.5,302.5,high,low,9,namesilo,,,25/09/2026 04:30
e15fc9d1-a37c-40e7-b881-1ee29926f52e,boggle.online,available,,,high,high,6,,,,
6553c568-0f73-4f61-9977-44996afe49b4,alliyah.online,available,,,high,high,7,,,,
c06376ae-466d-4b54-a0a0-51898543218e,birmingham.online,premium,7812.5,31250,high,low,10,name.com,,,11/08/2026 06:43
0a59a00d-113c-438c-b2a1-b451ceacf146,polaris.online,premium,6900,6900,high,high,7,namesilo,,,29/09/2026 02:21
4b884f01-9656-4272-a701-afb291029e9b,overprepare.online,available,,,high,high,11,,,,
337dc527-ad22-4f27-96c7-27a575f53dfa,comforting.online,premium,78.12,312.5,high,low,10,name.com,,,12/08/2026 03:43
c55e258e-d3bf-4d71-aecb-dce3d6ae672a,tigerish.online,available,0.98,34.98,medium,low,8,namecheap,,,11/09/2026 15:51
c205daa9-3d8c-409a-845c-d1ee172e6c2d,regarding.online,available,0.98,34.98,high,low,9,namecheap,,,27/09/2026 06:20
73e1400d-68c4-4cf2-8822-75585b9e3f9e,unalterably.online,available,,,high,medium,11,,,,
3a40e5a7-d302-4113-b064-ea4a4613677c,yuman.online,premium,81.25,325,high,low,5,namecheap,,,13/09/2026 14:54
87497ece-8241-4cc3-8f26-5dffec5070e5,remains.online,premium,640,640,high,low,7,namesilo,,,27/09/2026 03:27
a38eaa8f-446c-43e3-a99e-4edda84de11c,grabenneudorf.online,available,,,high,high,14,,,,
3d6874ce-fb52-48fc-968a-33aeb4843087,unloosen.online,available,0.98,34.98,high,low,8,namecheap,,,18/08/2026 14:36
808423f8-89b1-42df-b8ae-fcc0bda6487a,whelley.online,available,,,high,high,7,,,,
28ea51dc-1458-4791-a7c1-263cba825550,vertex.online,resell,,,high,low,6,West263 International Limited,10/07/2020 01:28,10/07/2027 23:59,26/09/2026 09:58
da910bcc-34fa-4663-a4af-17853ee62c75,realignments.online,available,,,medium,low,12,,,,
87ee79b5-8325-4c90-8075-74c6aae373be,worthless.online,premium,78.12,312.5,high,low,9,name.com,,,14/08/2026 04:07
1e2078f6-f146-4181-b3b0-d3966c6bc52f,teetertotters.online,available,,,low,low,14,,,,
da4f1511-71a5-41c3-af4b-eee5162c9959,moe.online,premium,,,high,medium,3,,,,28/09/2026 12:10
27c50864-b349-4613-b6c3-076877b31e4a,dress.online,premium,6900,6900,high,low,5,namesilo,,,24/09/2026 12:08
c305f90f-e9a8-4706-aec3-b6c4a9e6e3d8,interplayer.online,available,,,high,low,11,,,,
1b9ab6fd-ad5c-41e0-8a97-5ae184890247,mothers.online,premium,3450,3450,high,low,7,namesilo,,,18/09/2026 06:34
c0e502a7-a6dd-41cf-a6a0-757e36a16bb0,entertainer.online,premium,129.58,517.7,high,low,11,spaceship,,,29/09/2026 20:49
b2be0ba8-13a1-40f6-ac9b-c5e445d39f7f,rarest.online,resell,2.99,,high,low,6,Dynadot Inc,30/07/2026 20:40,30/07/2027 20:40,26/09/2026 08:30
79694a22-31a4-4998-81aa-596b8f737c23,nunneley.online,available,,,high,high,8,,,,
be785690-4c42-448e-ab8c-1dcaddb0b606,argun.online,available,2.99,38.5,high,low,5,namesilo,,,20/09/2026 04:51
e5195f08-e140-4da2-9434-baf304a9fe73,eigenvector.online,available,,,high,high,11,,,,
7613ef3f-324e-4a42-a16b-b3e9bd38010c,relativistic.online,available,,,high,high,12,,,,
5bde01d8-2b40-424a-8d95-4f3a8653a208,selfdual.online,available,,,high,high,9,,,,
7d0b9f61-98a5-4a66-b0eb-8555810fa2a0,referendums.online,available,,,medium,low,11,,,,
ada79f6d-9629-490a-a4dc-d73748300811,antitussive.online,available,,,high,high,11,,,,
e4fc2373-ddbe-4ec4-b40d-4f43a142442c,protectionists.online,available,,,medium,low,14,,,,
e4b775ca-8de1-4314-a888-05138107ec9d,unhallowed.online,available,0.98,34.98,medium,low,10,namecheap,,,12/09/2026 11:49
99b43f49-0d29-46c1-b0dd-1c20ed829a41,categorial.online,available,0.98,34.98,high,low,10,namecheap,,,11/08/2026 21:27
3edf72bf-1957-463b-8fd0-26ff7f85c8ff,solidify.online,available,,,high,high,8,,,,
4eec08e0-cfdd-41e8-97c3-64e6c461e647,quintuple.online,available,0.98,34.98,high,low,9,namecheap,,,18/08/2026 05:54
eccc70b1-3edc-4cb0-9c45-ebbe50369daa,haired.online,premium,78.12,312.5,high,low,6,name.com,,,20/08/2026 22:09
524c72ae-65fc-49e6-b391-9bead8ff82c2,centimetres.online,available,,,medium,low,11,,,,
1701b8ca-dfa0-4b96-b849-448b5dba942e,liter.online,premium,78.12,312.5,high,medium,5,name.com,,,22/08/2026 17:07
69684cd9-a060-463c-93c6-5960cdd36bc0,savvy.online,premium,325,1300,high,low,5,namecheap,,,12/09/2026 07:40
75a74529-83ae-4534-ba6c-f27722181087,approbate.online,available,,,high,high,9,,,,
d38f376d-7e59-4d4a-95f8-fc21f441d3e4,trapmaking.online,available,,,medium,low,10,,,,
815d02d5-30d3-4300-91e7-e79c47082ab7,oxidised.online,available,0.98,34.98,high,low,8,namecheap,,,04/09/2026 22:28
b1a10022-a228-4d2c-aa64-a1d30f406f60,formidable.online,premium,78.12,312.5,high,low,10,name.com,,,18/08/2026 12:12
ba06d4dc-75a0-4e2c-b8c1-e5fa345f2f80,joliet.online,premium,500.2,,medium,low,6,unstoppable,,,29/09/2026 01:26
1c196cce-e71c-4ffe-90ea-90e24703c234,alexis.online,premium,1107,1107,high,low,6,namesilo,,,19/09/2026 02:23
3bbd02aa-0421-47c8-bc54-91abc0385979,growers.online,available,,,high,medium,7,,,,
20dc693d-0abb-4aaf-87c5-7f3d05c38942,forthtell.online,available,,,high,high,9,,,,
788c6688-70e4-4cf2-b2a0-683aa0f31ea0,sting.online,premium,812.5,3250,high,low,5,namecheap,,,10/09/2026 20:46
d12c8692-3a5c-4e72-ada8-93d61605ea80,selfinsurance.online,available,,,high,low,14,,,,
7e639de2-c52e-4ac9-bbaf-51362acf69e4,cabbages.online,available,,,medium,low,8,,,,
cda69b34-04e0-4a24-a8ee-7788c80d357e,hairgrip.online,available,,,high,high,8,,,,
a0407c35-2a79-404c-9e67-a6361b43477c,vexer.online,available,0.98,34.98,medium,low,5,namecheap,,,19/09/2026 10:52
acc78a8d-671f-43b3-bcfc-aac09f7dcb6d,fretherne.online,available,,,high,high,9,,,,
58bed352-4255-4f9f-b817-379439660110,mintmark.online,available,,,high,high,8,,,,
076820a6-31ae-4e17-ad30-8c84fff30f86,oximeter.online,available,,,high,high,8,,,,
9f7166da-82a0-43df-99e8-bacb441fc9a3,officers.online,premium,781.25,,medium,low,8,name.com,,,
bb641f8a-5b83-4788-850b-cdd86c3f5e09,bos.online,available,,,high,high,3,,,,
87b45ccb-5383-4e16-a252-d5f0234237d6,puller.online,available,,,high,high,6,,,,
c0c6d5cf-d131-4e7d-900e-2b07c2e20c74,enacting.online,available,,,high,high,8,,,,
47d8ab66-f2de-4a99-be44-a97eac4a2ac6,damnable.online,available,2.99,49.99,medium,low,8,name.com,,,13/08/2026 16:29
ccab919f-881e-43ac-a5e3-ced063e40414,stoutheartedly.online,available,,,high,high,14,,,,
520ded96-3879-4fc8-b58e-01582a005605,nonreflecting.online,available,,,medium,low,14,,,,
f797d9b5-659e-4396-9e49-b6febabd3954,beaujolais.online,premium,302.5,302.5,high,low,10,namesilo,,,22/09/2026 22:13
f316e679-1185-4d6a-b140-2765332ff69e,gassy.online,premium,78.12,312.5,medium,low,5,name.com,,,12/08/2026 16:36
ebcc730e-b240-462f-a608-a0826f0cba6d,miniskirts.online,available,,,medium,low,10,,,,
149b9491-4e57-4da6-bf5f-15edd6d08319,eurodisco.online,available,,,high,low,9,,,,
3ad389a0-47d2-48df-ba83-653e70e71af4,oriented.online,premium,81.25,325,high,low,8,namecheap,,,26/09/2026 00:29
a49bdbeb-40f7-47e6-a861-58a56d9e02f4,unport.online,available,,,high,high,6,,,,
a2597733-b00c-4925-b56a-27a869170ea7,anglosaxon.online,available,3.5,,medium,low,11,unstoppable,,,29/09/2026 02:54
283ea293-1595-405e-8d1c-cc3341f1b5ff,weedkiller.online,available,,,high,low,11,,,,
8d7b4bb6-1f81-4fa0-af51-1dbb06856661,solidifies.online,available,,,medium,low,10,,,,
35412a1a-937c-49d0-bb0e-b1b094a539e0,whiteland.online,available,,,high,high,9,,,,
664f1cac-a92b-40cc-996d-4f4b45704f04,appreciator.online,available,,,high,high,11,,,,
7d7f3374-cc88-4c5a-8c26-fe08f875522a,matutinal.online,available,0.98,34.98,medium,low,9,namecheap,,,24/08/2026 17:33
3dc29c2b-738d-4d01-adef-ff84da00ff28,creamers.online,available,,,medium,low,8,,,,
4fba3510-be80-4310-945c-dceb2515239a,rationing.online,available,,,high,high,9,,,,
534687aa-b517-41bc-823d-8d01fe6ba16f,tomb.online,premium,640,640,high,low,4,namesilo,,,27/09/2026 16:05
713bafd0-5670-4ab8-97a9-104089a46516,archean.online,premium,78.12,312.5,medium,low,7,name.com,,,06/08/2026 15:05
90db3ff8-79c1-4ada-8cfa-c46a07a9fd1a,trashy.online,resell,,,high,low,6,Xin Net Technology Corporation,14/04/2021 08:41,14/04/2027 23:59,26/09/2026 09:44
0532969a-11bc-4f9e-8c55-5b737bdf72a1,stiletto.online,available,,,high,high,8,,,,
b7d45da8-25bf-48bf-a274-e2dcf1e9f94b,goodhumoredly.online,available,,,high,high,13,,,,
5cb267ac-e2b8-4f51-a781-8a052f3352f0,jaspers.online,available,,,high,high,7,,,,
e93b5809-30e3-4b74-a140-503e1241d381,bearish.online,premium,156.25,625,medium,low,7,name.com,,,09/08/2026 04:48
220d2c69-501d-4cad-926d-b4cf6274b573,lcd.online,premium,1000.2,,high,low,3,unstoppable,,,30/09/2026 02:27
99215743-ec54-4a84-ac9a-b64bf123aef7,contraception.online,available,,,high,medium,13,,,,
90d45acd-2079-44b5-8143-20460997f200,alloyed.online,available,2.99,38.5,high,low,7,namesilo,,,24/09/2026 08:20
7e894765-8927-4354-b989-30ac27ddaeec,grandmotherly.online,available,,,high,high,13,,,,
546bf1ce-8a83-4d12-8c20-6b03947e611d,geisha.online,available,,,high,high,6,,,,
95b4924e-d695-4a77-9735-5ce3b23288d9,pearson.online,premium,812.5,3250,high,medium,7,namecheap,,,25/09/2026 17:36
f16c206f-6ee4-4619-bad6-86be3178930f,butterfish.online,available,,,high,high,10,,,,
7e8adddd-74d7-4b9e-b68c-7b8afa390e28,throbbing.online,available,0.98,34.98,high,low,9,namecheap,,,11/09/2026 14:47
7ae73adf-4c03-451c-89dd-cec354d33398,alluring.online,available,2.99,38.5,high,low,8,namesilo,,,22/09/2026 01:34
69f64fc4-0c35-4a47-a254-c5a70b96920f,submersion.online,available,,,high,high,10,,,,
22947db4-f53c-4396-8a09-9bebdd3b17e3,clamour.online,available,,,high,high,7,,,,
718041d2-c3ae-4729-9a02-c338036d23b2,horseheal.online,available,,,high,low,9,,,,
bfc96c98-c4f7-43cc-bd89-650042dd2d2a,whinham.online,available,,,high,high,7,,,,
9892530f-bfcb-452a-9a64-010d30e54054,illustrator.online,premium,3450,3450,high,high,11,namesilo,,,27/09/2026 05:36
3b8213d4-7a20-4ba3-81bb-7bf73ea22966,sectarian.online,available,0.98,34.98,high,low,9,namecheap,,,10/09/2026 01:13
0c91dd57-6500-4bee-a2b1-12b48ec00e08,intimal.online,available,0.98,34.98,medium,low,7,namecheap,,,22/08/2026 08:28
48f9a326-2302-4654-8083-efd8cefa0809,newsless.online,available,0.98,34.98,medium,low,8,namecheap,,,03/09/2026 16:52
025d726e-851f-4172-924e-a4b56ac4c565,conducted.online,available,2.99,38.5,medium,low,9,namesilo,,,
9306572f-c07c-4509-aaf0-a130a35dd124,orinoco.online,resell,,,high,low,7,,,,30/09/2026 18:15
ff69e334-d105-417c-949d-199e3f2d9160,isis.online,available,,,high,high,4,,,,
47ea4a87-eb91-44cb-8d0d-f52b89179905,bannock.online,premium,640,640,high,low,7,namesilo,,,22/09/2026 02:55
70604813-e289-43b4-88d9-b440f4dade00,superstitiously.online,available,,,high,high,15,,,,
ef7fb9f5-4ba3-450d-9c5c-b8b9fcd62272,anonymous.online,premium,6900,6900,high,low,9,namesilo,,,22/09/2026 05:30
edb34de6-a6d3-443e-a19d-9d337d0da2f3,version.online,resell,,,high,low,7,"GoDaddy.com, LLC",28/09/2018 03:14,28/09/2028 23:59,28/09/2026 18:17
0b10d995-e168-4248-af0a-ee40b024f4c7,counterbalanced.online,available,,,high,low,15,,,,
6a253267-0261-4c58-b82b-1f7a00366850,arguable.online,available,0.98,34.98,high,low,8,namecheap,,,06/08/2026 18:32
fae61fc8-7258-4cf2-b5da-f4e18f15b4bd,alteritism.online,available,,,medium,low,10,,,,
f7f8e8c6-531b-4c5f-8cdc-28b6a2ce40ba,keyseat.online,available,,,high,high,8,,,,
faaf2723-e084-4bf0-82f5-c2385e327b48,tactual.online,available,0.98,34.98,medium,low,7,namecheap,,,21/08/2026 00:04
fd31a051-e664-4f35-a4b6-bc85d6ba5bcf,acyclic.online,premium,78.12,312.5,high,low,7,name.com,,,
1efd4afa-f863-4678-9d0b-6afd6acf2386,amelia.online,premium,812.5,3250,high,low,6,namecheap,,,18/09/2026 18:15
b6cbd8d6-f98c-481e-8145-30bf62e139ac,docetist.online,available,,,high,high,8,,,,
44e85cbd-3974-4b6a-a336-72c7675d367b,privatise.online,available,,,high,high,9,,,,
463efdc3-30dc-4dc7-bb81-f87061c39901,katie.online,premium,812.5,3250,high,low,5,namecheap,,,25/09/2026 13:27
01909e4a-31e1-4092-8afc-fc3b4a00a920,descendance.online,available,,,high,low,11,,,,
ee5f07a0-4e04-4fd3-96ef-e057d8264a00,armless.online,available,0.98,34.98,high,low,7,namecheap,,,06/08/2026 19:54
984a3dc9-4dd5-4351-9004-378daa89511e,doorstop.online,available,,,high,high,8,,,,
f0a655a4-112b-41e0-87ca-643a727834b0,conveying.online,available,,,high,high,9,,,,
d7d97b04-2324-4215-b50e-6b4417c62c12,hoodie.online,available,,,high,high,6,,,,
0dad9d5b-082b-4a43-bdb1-3add32b8c72f,tricolor.online,resell,,,high,low,8,"GoDaddy.com, LLC",15/09/2026 00:46,15/09/2027 00:46,26/09/2026 09:45
57785faf-a21c-4413-88f4-f2160391f39c,skippable.online,available,,,high,high,9,,,,
dfa13b47-d443-44cb-a1f2-e9648c1e87b8,geneve.online,available,,,high,high,6,,,,
e8b9b3f7-930d-4e62-b646-20d0482d6ca4,repealed.online,available,,,medium,low,8,,,,
f92d8421-9f61-4c0b-bf28-4fea4a8f60fd,cheerlead.online,available,,,high,high,9,,,,
623ef0de-42f9-499e-b2f5-38f73230c31e,abort.online,resell,,,high,low,5,"GoDaddy.com, LLC",19/07/2026 22:32,19/07/2027 22:32,26/09/2026 01:18
79d5b1f0-90d6-4a64-a490-ba9352e28475,multiwriter.online,available,,,high,high,11,,,,
cd0c8bf9-3d46-4c52-b36d-79baa2a02e83,raquel.online,available,,,high,high,6,,,,
98a3e01e-061d-4d4e-9c14-d0eb75903f09,catastrophic.online,premium,640,640,medium,low,12,namesilo,,,29/09/2026 03:09
796d7018-6bd8-4c80-a407-19ae03ea9b51,postures.online,available,,,medium,low,8,,,,
c4278528-fd12-4bab-ac0b-2604c05ca2ac,erbium.online,premium,162.5,650,high,low,6,namecheap,,,20/09/2026 23:37
c31fd61a-c353-46ff-a514-74ac6e513db0,balm.online,premium,1107,1107,high,low,4,namesilo,,,21/09/2026 23:35
6ea8c558-d439-4963-9990-90b84a31f51e,scratches.online,available,0.98,34.98,high,low,9,namecheap,,,
d0c511ce-c0e9-4515-a5d3-ced013cd5aa6,devotes.online,available,2.99,38.5,medium,low,7,namesilo,,,20/09/2026 02:04
de0cf906-776e-40b0-b401-c831702af897,bart.online,premium,3450,3450,high,low,4,namesilo,,,22/09/2026 07:32
08f254b3-0d35-4df9-a0b4-3177dc203b5c,puppets.online,premium,129.58,517.7,high,low,7,spaceship,,,30/09/2026 15:48
4fb9b17e-8040-4a7e-93c1-e5f0d4e0ac55,concerning.online,available,3.5,,high,low,10,unstoppable,,,28/09/2026 03:24
106183ca-6e8c-4409-8bea-7ab93456baa1,centripetal.online,available,,,high,low,11,,,,
c6f74d0b-cc55-44c0-851c-7bfd72c2de5b,winterize.online,available,,,high,high,9,,,,
cf2cdebd-c212-4b1e-8e9d-3fbad4be12de,sevilla.online,premium,682.81,2729.67,high,low,7,porkbun,,,29/09/2026 13:57
05816721-239d-451e-9501-4f0a3915ade5,hara.online,premium,129.58,517.7,high,low,4,spaceship,,,30/09/2026 13:49
8940705a-8a22-4896-a77a-cea02ffdb59c,brumal.online,available,0.98,34.98,medium,low,6,namecheap,,,11/08/2026 06:36
9d54259a-088e-4419-9e6e-d983841f089d,yugoslavian.online,available,,,high,high,11,,,,
c1dbc1dd-1cc7-4a33-88a1-ba698e354089,brendan.online,premium,302.5,302.5,high,low,7,namesilo,,,28/09/2026 04:01
ba751762-0ed8-4665-ae0a-bf117802b68a,tiberius.online,resell,,,medium,low,8,,,,28/09/2026 20:38
cc2ba634-c228-46e1-9467-47624d0f125d,snowdrift.online,available,,,high,high,9,,,,
72ddf833-659f-4574-b99c-a081e7c8b069,nutfield.online,available,,,high,high,8,,,,
b920ce48-59cc-47b9-8167-eedb3cb7335a,trina.online,available,,,high,high,5,,,,
bbc08979-a05a-44c0-8b2b-17b3d28aa639,goodman.online,premium,640,640,high,low,7,namesilo,,,23/09/2026 08:16
8202f92b-8347-4c1d-b7b3-fd7ad610d25b,titaniumlike.online,available,,,high,high,12,,,,
d29e2ad0-8912-446d-a710-14dcef01f99f,hairnet.online,available,,,high,high,7,,,,
15d276f2-0064-4a04-b182-910d4694b80a,readjust.online,available,,,high,high,8,,,,
feb027d3-c904-4df7-ba0c-6e4c46c39ae5,sustain.online,resell,,,high,low,7,,,,29/09/2026 02:41
8eebad58-8d5f-4f91-ada3-ec9d43855922,chino.online,available,,,high,high,5,,,,
6d1151ec-9ed1-44fe-b399-227ba3cada09,analyzable.online,available,0.98,34.98,medium,low,10,namecheap,,,
ee7a64a2-2111-47c3-9dc1-82872c756065,letterings.online,available,,,medium,low,10,,,,
f80c3f90-bc60-4cb0-9e7e-7b8babf29603,strapping.online,premium,78.12,312.5,high,low,9,name.com,,,09/08/2026 08:02
b5cacb94-714e-4bdf-8160-43d17d88f790,speedway.online,premium,3450,3450,high,low,8,namesilo,,,01/10/2026 03:48
2283d241-5685-47eb-bb1d-1788780f4e96,partygoer.online,available,,,high,high,9,,,,
7ec338c4-b166-447d-a6de-78904272e392,personnel.online,resell,,,high,low,9,,,,27/09/2026 15:14
5505c5ef-2626-4144-b6ef-b487a592791e,longhaired.online,available,2.99,,high,high,10,name.com,,,
5d283143-fa8f-4920-9d53-5d5d627865f0,words.online,premium,13800,13800,high,low,5,namesilo,,,25/09/2026 15:51
1661f50c-5ed8-4266-947a-51878e59eb35,nightly.online,premium,81.25,325,high,low,7,namecheap,,,03/09/2026 17:22
68b18676-9c6c-4fd5-bb9d-1c7c8c0ed71a,grubby.online,premium,156.25,625,medium,low,6,name.com,,,09/08/2026 09:31
06d4f82b-feac-4089-b7ba-ef44e62f24ab,penchant.online,available,,,high,high,8,,,,
b8ecb849-b428-495d-a0fd-b99aea0c2f05,nonaddictive.online,available,,,high,low,12,,,,
975ebb21-93fe-45db-a00e-9d27c1543a6c,yaks.online,available,,,high,medium,4,,,,
a503751d-99c4-4595-a73a-4ae32f23bfdc,irrevocably.online,available,,,high,high,11,,,,
d0bd5eec-5c04-42ed-b167-77414a99c2c4,dhotis.online,available,,,medium,low,6,,,,
8ebf8969-25f8-42c4-8cff-14cc541a089b,warrantor.online,available,,,high,high,9,,,,
06ec0c4a-e0e5-4f52-a4e9-baeae783a8c1,blantyre.online,premium,640,640,high,low,8,namesilo,,,24/09/2026 04:05
b83d76ec-7700-40a7-9671-af731731beed,hogarth.online,premium,64.89,258.95,high,low,7,spaceship,,,29/09/2026 13:03
99187652-ef74-4578-9367-7b746771d6ad,wtc.online,available,,,high,high,3,,,,
6bf6c6ea-8d06-497d-b1d5-b6856e6fc66f,geography.online,premium,647.08,2587.7,high,low,9,spaceship,,,28/09/2026 19:20
01b7453e-3153-4c55-b60e-6bfa3bdf9f42,whitstable.online,available,,,high,high,10,,,,
cd0dae9d-20d9-4c0d-b60b-d1cb3b02cb9b,tiled.online,premium,81.25,325,high,low,5,namecheap,,,11/09/2026 15:55
0764a678-80d5-4ecb-bfbc-7452db412a39,unloading.online,premium,302.5,302.5,high,low,9,namesilo,,,30/09/2026 11:15
6271594d-b5f4-4d71-95ab-b914ecedf344,tailorly.online,available,,,high,high,8,,,,
cee05fc7-7646-449a-bb38-dc2e4719f3ed,basra.online,premium,302.5,302.5,high,low,5,namesilo,,,22/09/2026 10:33
4364c1da-5b32-413f-bfbd-3f2142882ec9,pacifism.online,available,,,high,high,8,,,,
8c3e6c12-8711-4d9f-b361-73778cd0c0b6,estates.online,premium,13800,13800,high,low,7,namesilo,,,18/09/2026 06:36
c4908c83-704f-469a-9c38-ab3523f6599a,novoukrainka.online,available,,,high,high,12,,,,
eeae2592-7be1-4c7d-9b69-b6aa0fc1aa6a,hourglassing.online,available,,,high,high,12,,,,
b5cb5355-f24d-4cf7-b762-749a257d1a7a,prole.online,available,0.98,34.98,high,low,5,namecheap,,,09/09/2026 03:01
a1ba01a7-2e82-4fc2-b27f-4d5d0596c18e,ricrac.online,available,,,high,high,6,,,,
36b5fe50-faaa-4877-a0fa-b3ff208e0626,anapurna.online,available,2.99,38.5,high,low,8,namesilo,,,19/09/2026 02:22
b04783f0-d820-475e-b46a-76639c05ee5a,ldl.online,premium,1107,1107,high,low,3,namesilo,,,23/09/2026 10:53
12d2a707-0fe3-4046-b22a-168babb72eca,meatgrinder.online,available,,,high,high,11,,,,
dabb85c8-d823-4062-90f1-1a29f4dfe1f0,ruffed.online,available,,,high,low,6,,,,
8778e679-1d0b-451d-b4ff-f1087e2f07b3,astana.online,premium,156.25,625,high,low,6,name.com,,,18/09/2026 00:11
45729199-a5cc-4e64-b17d-cb9048dedcd0,quinoline.online,available,,,high,high,9,,,,
3b4ac2ab-5d90-4c9d-bc34-1fc8d67981c8,childly.online,available,0.98,34.98,medium,low,7,namecheap,,,25/09/2026 09:04
8bc22b3c-9026-4b27-a889-903a6853a111,deskfast.online,available,,,high,high,8,,,,
d0fe0130-0eba-45d2-bd6d-55ff79e695d4,grabbed.online,available,2.99,38.5,medium,low,7,namesilo,,,27/09/2026 03:19
ddf68db5-8266-4027-8acf-3c006c93270d,galium.online,available,,,high,high,6,,,,
4bc3e32e-1f40-47a8-b00b-b528ee7ac996,baboon.online,resell,,,high,low,6,"GoDaddy.com, LLC",20/04/2026 00:07,20/04/2027 00:07,26/09/2026 04:11
9db14b18-a75b-4744-b218-69061d592979,wonderbras.online,available,,,medium,low,10,,,,
e8399ec2-a0de-46a0-8817-680cf1d011b4,continents.online,premium,1107,1107,medium,low,10,namesilo,,,18/09/2026 12:00
0e4e2ad4-7bc3-496b-8614-b9855716a432,strewed.online,available,,,high,high,7,,,,
112da551-12c3-480d-bc98-2162cbcdaae3,inhalant.online,available,0.98,34.98,high,low,8,namecheap,,,22/08/2026 05:02
2865766a-91fd-4f55-97fe-e4d0b2f59cc6,hitmarker.online,available,,,high,high,9,,,,
89c419d5-aaa6-497c-bf2d-cbf98b712ade,acad.online,premium,68.75,275,high,low,4,dynadot,,,29/09/2026 10:57
ea779450-890b-4c1f-b1da-80bf8eeda3df,pods.online,premium,1107,1107,high,low,4,namesilo,,,30/09/2026 00:30
93a54540-28dd-4831-9e92-9c9ccf8fde79,newsreading.online,available,,,medium,low,11,,,,
7a9dddbf-4d2a-40f9-a952-bb42047c7504,sill.online,available,,,high,high,4,,,,
670953b6-2b5a-4c0a-89fe-67938dbd70b9,adventitia.online,available,2.99,38.5,medium,low,10,namesilo,,,17/09/2026 10:36
5107ce91-4e54-4ad8-aee9-32c0e1cef3e1,electrifiers.online,available,,,medium,low,12,,,,
70ebcac1-d87e-4198-b431-7867bae01667,herbivorous.online,available,,,high,high,11,,,,
ee10d7ad-cd00-4490-965a-d9a6b0378ff0,law.online,premium,2750,11000,high,medium,3,dynadot,,,29/09/2026 11:16
6d470a5b-6da0-4f89-9f13-77cad9db51b2,jeremiah.online,premium,1107,1107,high,low,8,namesilo,,,24/09/2026 06:54
297d9790-fc90-45d9-8ca4-dae2a0f989b5,onions.online,premium,781.25,,high,low,6,name.com,,,
78c2290a-0f23-4e15-8b6d-75ab732a7c78,bathtime.online,available,,,high,high,8,,,,
a2837784-33da-4b59-9ad5-a4e1a1f80683,haggis.online,available,,,high,high,6,,,,
cb6f10df-b5f5-4df3-b4d2-e4d3356163cc,drumhead.online,available,0.98,34.98,high,low,8,namecheap,,,14/08/2026 20:15
96ef683a-509b-4f50-baf2-87d6804f731f,pineapple.online,premium,5000.2,920,high,low,9,unstoppable,,,28/09/2026 21:13
61381106-c9a2-4bc2-9871-7470351e969c,pealing.online,available,2.99,38.5,high,low,7,namesilo,,,19/09/2026 11:12
35b4e656-1942-40b6-aa22-f0bd302f3ea7,brainteasing.online,available,,,high,high,12,,,,
98e0abcd-58fc-4025-ab54-7cb39dde37a4,unordered.online,available,0.98,34.98,medium,low,9,namecheap,,,12/09/2026 16:18
6a0340b1-dee2-48a2-8310-eb7f48ce9099,macrotext.online,available,,,high,high,9,,,,
6f6d4ba9-5306-435c-85f8-a29019b87e7a,incomes.online,available,,,high,low,7,,,,
1fc135ce-164c-4670-b50a-6ce177302442,skippered.online,available,,,medium,low,9,,,,
a06db470-dc02-4f09-910c-7f41fb1af8a3,riyadh.online,premium,2750,11000,high,low,6,dynadot,,,29/09/2026 06:50
5da07890-4a7f-4ce9-8d10-a1c1c61c5d94,rosamond.online,available,,,high,high,8,,,,
08ae36f8-74bc-4114-af52-c5dc416835b8,mainstreaming.online,available,,,high,low,13,,,,
d7ff7e1a-c38a-4d79-9467-19f2fbf8a2ea,snuggle.online,resell,,,high,low,7,Squarespace Domains II LLC,21/08/2021 21:07,21/08/2027 23:59,26/09/2026 09:07
a27656f0-ee2d-4f1e-8c0f-28d5645aadf8,enrobe.online,available,,,high,high,6,,,,
18ec3a32-46f9-4a97-9980-33ae82d8f0d8,bailor.online,premium,81.25,325,medium,low,6,namecheap,,,21/09/2026 19:14
e7e6f2ba-677a-4c38-8906-b73694903b6b,experienced.online,premium,78.12,,high,low,11,name.com,,,
8bf716ef-59af-4727-aedc-14a9fa8faa04,only.online,premium,1562.5,6250,high,medium,4,name.com,,,22/09/2026 02:00
c6cccbc0-e928-4b61-b2a9-28d59f7043d5,clearinghouses.online,available,,,medium,low,14,,,,
28376afa-7270-4e1f-b65a-15c725bd75e4,xenophon.online,available,1.18,15.28,high,low,8,spaceship,,,30/09/2026 03:10
f5b04630-db27-4490-9584-ae0b37a76e60,labrouste.online,available,,,high,high,9,,,,
d5bed763-3464-43fe-9651-ccca7dea7859,brownites.online,available,,,medium,low,9,,,,
cd19a284-e618-416d-bce7-df71a950424b,hairier.online,available,,,medium,low,7,,,,
cf2fc267-0f8d-41a3-8ffc-afadfc7180a5,jerrycan.online,available,,,high,high,8,,,,
ae0b79a8-cb1e-4658-b519-4e7336d78b55,selfcritical.online,available,,,high,high,13,,,,
0be68d24-320d-4129-8acf-bb8feffb3416,screensaver.online,premium,1107,1107,high,high,11,namesilo,,,27/09/2026 05:21
55dec791-1c85-4cb5-835a-b03f6ed89018,sensible.online,resell,,,high,low,8,Xin Net Technology Corporation,11/05/2022 01:51,11/05/2027 23:59,26/09/2026 08:55
06280370-980a-4ba0-99a7-ab3e60814754,abb.online,premium,312.5,1250,high,medium,3,name.com,,,16/09/2026 14:19
29a70da5-f2c3-48a6-879d-67ad09a22351,nationhood.online,available,,,high,high,10,,,,
8cc65c46-1a39-484c-a66a-ae9f30cf4217,romaine.online,available,,,high,high,7,,,,
48577fcf-164e-491d-ba43-5c43e062dcce,soulless.online,premium,81.25,325,high,medium,8,namecheap,,,10/09/2026 14:43
243aa6d2-2631-4a43-91a5-5d723cebeeff,philistine.online,premium,156.25,625,medium,low,10,name.com,,,
c854b1b2-4a79-44c9-8bbe-6f2f6835a92c,fears.online,premium,1107,1107,high,low,5,namesilo,,,27/09/2026 08:58
d94a4124-0722-470c-9111-aa4b0a7b02a9,murphy.online,premium,3450,3450,high,low,6,namesilo,,,25/09/2026 07:49
05d00975-43cf-41b8-b064-b535d12cfd2e,stroked.online,available,,,high,low,7,,,,
673cf515-659f-4d2b-bde2-8b86db73d929,forthleap.online,available,,,high,high,9,,,,
43aa4f47-6f61-4237-8715-e6765fa6d32c,eek.online,available,,,high,high,3,,,,
488a33b1-d73d-4ccc-8fc9-a6c0c2c01ac0,skint.online,available,0.98,34.98,medium,low,5,namecheap,,,11/08/2026 05:21
888463a6-3440-495d-928d-7dbd03da47e7,what.online,premium,781.25,3125,high,medium,4,name.com,,,30/09/2026 22:04
95857dfb-027d-4873-aeda-86efe1b947ed,flatcars.online,available,,,medium,low,8,,,,
16308867-ee67-4d87-9bce-9e731f507b80,amanuensis.online,available,2.99,38.5,high,low,10,namesilo,,,18/09/2026 15:49
284dc7a4-e098-4b07-8170-c9fd7b5c0a09,diversely.online,premium,81.25,325,high,low,9,namecheap,,,14/09/2026 13:26
7bedcfa6-1447-4f56-ba09-c4a947d00546,affects.online,available,2.99,38.5,high,low,7,namesilo,,,20/09/2026 03:57
c533560f-94e0-48fe-b880-a167e745804e,pelf.online,available,,,high,high,4,,,,
376663f4-3ec8-4b12-a65c-50df36a80ce5,recovers.online,available,,,medium,low,8,,,,
42e07ff4-449b-4efb-8643-1fb8304c8129,neutralize.online,available,,,high,high,10,,,,
975ee86d-0386-4f11-8fc2-3e1b3772dedb,hays.online,premium,3450,3450,high,low,4,namesilo,,,20/09/2026 10:51
37020fe7-48c2-40bc-844a-56174f39cea2,dissertation.online,premium,,,high,low,12,,,,30/09/2026 03:22
039d3a23-acd7-4bb8-9266-9078d60c625e,appearance.online,resell,,,high,low,10,"GoDaddy.com, LLC",09/08/2026 21:54,09/08/2027 21:54,26/09/2026 03:56
670d87a7-b264-4428-9a11-bf3942fdf6fc,unpainted.online,available,0.98,34.98,medium,low,9,namecheap,,,12/09/2026 16:25
f8a91ade-20a7-4204-8994-40e485efe781,vivaciousness.online,available,,,high,low,13,,,,
5f1b0ed9-ce54-4e05-a85d-3e3cb0aa67b3,surpassable.online,available,,,high,high,11,,,,
2716be18-4b03-4279-916e-0274d4eeab74,loved.online,premium,640,640,high,low,5,namesilo,,,25/09/2026 14:27
6ef06221-c89a-40c3-ac20-68b25a44ead4,daylong.online,available,2.99,49.99,medium,low,7,name.com,,,13/08/2026 18:51
6ae6d444-7c1c-434d-b540-8e56ec5986f5,cases.online,premium,6900,6900,high,low,5,namesilo,,,17/09/2026 16:31
a1e50c4d-8c5c-4f5c-94a4-610a518d2de3,fight.online,premium,1625,6500,high,low,5,namecheap,,,24/09/2026 17:58
941fc357-8845-473d-9267-b7b6285f615d,gossipy.online,premium,78.12,312.5,high,low,7,name.com,,,20/08/2026 17:09
4e9aab89-8fef-4938-9fe0-c1770f4fc3f3,cora.online,premium,5000.2,5500,high,low,4,unstoppable,,,28/09/2026 18:45
cc7cc5f2-db01-4e52-8a00-e258340d72c9,budgetary.online,available,0.98,34.98,high,low,9,namecheap,,,11/08/2026 07:46
b6a6c31f-435a-4448-b70c-621b6082c3c5,gormflaith.online,available,,,high,high,10,,,,
d328f787-20c8-40ac-904f-7bb0eb41c00c,dahlia.online,available,,,high,high,6,,,,
0ec59fde-dac9-4d0b-a670-fbcb5329047b,pinter.online,available,,,high,high,6,,,,
5633b1a3-4192-4c68-a0df-76d6dd642e97,wanna.online,premium,302.5,302.5,high,low,5,namesilo,,,26/09/2026 00:48
cfe16ef1-7b76-4de7-b781-c6149e49ccf9,prawn.online,available,,,high,high,5,,,,
ae2d1623-6eb0-4fa6-8863-b3b4636fd0fc,rainshadow.online,available,,,high,high,10,,,,
fc47aad3-9498-4e95-a3ef-ce66fb8c88f5,clotheslines.online,available,,,medium,low,12,,,,
c95e16b2-5059-47f5-a2a4-c8a5485b5af4,apolitically.online,available,,,high,high,12,,,,
e397f10f-0a9f-4eac-a812-3765f8ed6dc8,astronautically.online,available,,,medium,low,15,,,,
a2e139c0-b0e5-4149-a82d-75c535fee7bc,nachos.online,available,,,high,medium,6,,,,
1a96ab41-34fa-4372-913e-2093a698a431,easiest.online,premium,1107,1107,high,low,7,namesilo,,,28/09/2026 23:51
70694ae0-2067-4d51-83a3-07b137d7ed29,campaigning.online,available,,,high,low,11,,,,
e8c21c09-a75b-4601-b265-32824683176d,danville.online,premium,302.5,302.5,high,low,8,namesilo,,,28/09/2026 04:20
cef47ac1-687e-4cdc-ad97-6ed77eee414d,vcs.online,available,,,high,high,3,,,,
72a863a8-e902-43ea-b840-b80c0a4c6de1,intermingle.online,available,,,high,high,11,,,,